dia,uso_disco_gb
1,233.93
2,89.31
3,269.32
4,469.74
5,68.76
6,69.21
7,483.93
8,298.92
9,16.8
10,248.45
11,19.08
12,19.0
13,181.13
14,10.0
15,10.0
16,10.0
17,10.0
18,199.89
19,10.0
20,10.0
21,464.28
22,78.32
23,145.78
24,10.0
25,10.0
26,157.04
27,10.0
28,218.43
29,10.0
30,66.86
31,10.0
32,557.56
33,131.77
34,10.0
35,323.66
36,10.0
37,184.37
38,10.0
39,10.0
40,182.97
41,307.15
42,178.05
43,112.93
44,71.01
45,10.0
46,10.0
47,35.92
48,383.1
49,220.55
50,10.0
51,216.99
52,55.43
53,10.0
54,284.04
55,380.28
56,357.95
57,10.0
58,75.46
59,222.23
60,369.87
61,37.98
62,105.49
63,10.0
64,10.0
65,334.87
66,459.54
67,133.7
68,379.86
69,233.67
70,10.0
71,234.51
72,503.77
73,144.67
74,510.75
75,10.0
76,341.97
77,174.54
78,86.79
79,176.51
80,10.0
81,106.27
82,238.48
83,494.98
84,39.4
85,10.0
86,44.07
87,368.28
88,234.7
89,39.02
90,277.76
91,183.13
92,382.69
93,10.0
94,87.44
95,73.17
96,10.0
97,231.3
98,223.74
99,165.72
100,111.41
101,10.0
102,69.8
103,88.06
104,10.0
105,130.4
106,260.01
107,599.05
108,208.48
109,227.89
110,152.49
111,10.0
112,164.34
113,184.61
114,734.03
115,127.8
116,241.09
117,164.72
118,10.0
119,434.63
120,345.78
121,355.16
122,10.0
123,495.82
124,10.0
125,310.32
126,677.12
127,10.0
128,48.23
129,200.82
130,63.48
131,10.0
132,195.06
133,10.0
134,288.49
135,10.0
136,535.29
137,10.0
138,108.52
139,368.4
140,10.0
141,235.41
142,482.52
143,10.0
144,226.98
145,244.62
146,364.31
147,10.0
148,10.0
149,306.29
150,255.35
151,245.18
152,267.55
153,33.5
154,242.36
155,256.7
156,27.0
157,616.89
158,299.35
159,10.0
160,341.99
161,10.0
162,372.71
163,458.03
164,10.0
165,414.34
166,289.0
167,382.95
168,628.93
169,139.99
170,24.31
171,10.0
172,11.03
173,180.24
174,276.24
175,261.96
176,388.17
177,202.62
178,532.16
179,140.09
180,822.43
181,344.39
182,10.0
183,10.0
184,313.02
185,152.2
186,366.82
187,312.26
188,187.96
189,11.6
190,10.0
191,103.94
192,402.05
193,255.76
194,10.0
195,247.31
196,296.23
197,10.0
198,244.22
199,222.85
200,10.0
201,292.19
202,339.01
203,458.78
204,452.54
205,10.0
206,10.0
207,330.81
208,330.98
209,331.71
210,1094.67
211,345.37
212,474.82
213,433.79
214,365.11
215,144.73
216,390.59
217,41.1
218,164.0
219,107.67
220,237.7
221,748.24
222,10.0
223,377.13
224,10.0
225,113.44
226,470.47
227,236.83
228,10.0
229,59.64
230,378.76
231,57.1
232,273.85
233,235.26
234,76.44
235,715.54
236,371.02
237,10.0
238,269.7
239,76.36
240,422.74
241,47.4
242,202.69
243,344.72
244,427.58
245,10.0
246,154.28
247,122.65
248,82.35
249,635.37
250,325.02
251,10.0
252,443.09
253,718.66
254,470.17
255,10.0
256,124.58
257,525.08
258,74.43
259,337.94
260,413.97
261,25.69
262,224.3
263,10.0
264,10.0
265,181.55
266,10.0
267,613.08
268,10.0
269,140.52
270,271.37
271,571.21
272,10.0
273,508.58
274,245.64
275,19.52
276,349.77
277,290.13
278,107.98
279,261.5
280,157.97
281,272.38
282,398.17
283,609.68
284,10.0
285,735.55
286,10.0
287,214.47
288,384.0
289,314.24
290,108.24
291,203.4
292,138.77
293,117.21
294,446.39
295,334.31
296,94.9
297,459.17
298,324.3
299,440.25
300,398.84
301,66.06
302,127.93
303,427.07
304,396.24
305,252.47
306,284.5
307,550.04
308,123.45
309,384.04
310,213.31
311,210.22
312,511.42
313,449.42
314,447.15
315,559.99
316,267.0
317,418.44
318,192.22
319,337.61
320,234.27
321,286.61
322,400.87
323,78.43
324,743.81
325,36.42
326,10.0
327,531.72
328,448.46
329,410.63
330,412.05
331,266.15
332,64.42
333,287.17
334,115.6
335,493.52
336,237.6
337,83.06
338,198.68
339,366.89
340,144.22
341,85.61
342,329.57
343,330.31
344,158.99
345,167.64
346,328.71
347,10.0
348,10.0
349,112.92
350,228.74
351,348.98
352,615.45
353,474.78
354,242.76
355,275.41
356,51.17
357,276.42
358,215.16
359,355.28
360,93.02
361,401.1
362,633.06
363,258.5
364,375.57
365,441.92
366,193.04
367,336.34
368,288.48
369,308.36
370,109.9
371,292.55
372,401.17
373,619.37
374,507.45
375,780.65
376,113.9
377,488.93
378,331.99
379,790.82
380,106.34
381,99.61
382,154.97
383,10.0
384,172.69
385,119.82
386,328.06
387,372.23
388,723.22
389,512.18
390,163.7
391,90.7
392,408.78
393,10.0
394,715.7
395,567.2
396,191.02
397,10.0
398,608.4
399,273.38
400,582.78
401,10.0
402,163.97
403,302.55
404,312.53
405,199.43
406,444.99
407,59.25
408,271.07
409,331.53
410,422.03
411,467.52
412,48.47
413,10.0
414,598.19
415,382.67
416,136.21
417,662.02
418,334.53
419,577.96
420,324.42
421,780.23
422,710.91
423,253.47
424,532.76
425,458.69
426,624.37
427,91.71
428,469.33
429,554.85
430,10.0
431,43.63
432,10.0
433,253.3
434,479.22
435,658.97
436,333.13
437,688.71
438,10.0
439,10.0
440,305.31
441,406.19
442,311.43
443,10.0
444,299.44
445,22.24
446,473.69
447,404.9
448,106.88
449,204.66
450,80.52
451,308.63
452,541.61
453,98.66
454,439.45
455,203.61
456,144.07
457,301.2
458,89.6
459,200.07
460,53.34
461,776.3
462,335.96
463,168.5
464,377.68
465,303.59
466,279.22
467,470.46
468,503.65
469,209.86
470,199.95
471,269.11
472,10.0
473,10.0
474,645.57
475,709.55
476,277.31
477,466.37
478,406.21
479,1038.93
480,591.77
481,307.23
482,118.6
483,10.0
484,384.28
485,165.46
486,13.78
487,191.44
488,92.52
489,725.48
490,541.91
491,339.13
492,679.5
493,359.53
494,145.54
495,690.71
496,466.32
497,106.69
498,300.62
499,144.51
500,29.1
501,557.04
502,782.11
503,26.84
504,475.41
505,198.61
506,236.41
507,212.82
508,151.22
509,360.13
510,159.67
511,411.74
512,338.92
513,296.26
514,143.96
515,219.98
516,524.77
517,467.09
518,129.77
519,376.24
520,525.66
521,10.0
522,479.03
523,203.97
524,486.15
525,181.88
526,10.0
527,10.0
528,368.59
529,417.38
530,151.91
531,504.84
532,10.0
533,344.75
534,83.64
535,211.84
536,372.03
537,165.09
538,274.25
539,592.44
540,231.21
541,554.37
542,105.82
543,485.39
544,694.13
545,10.0
546,183.65
547,497.98
548,320.21
549,451.84
550,229.52
551,387.73
552,332.84
553,635.63
554,427.42
555,446.88
556,276.11
557,259.25
558,272.28
559,461.66
560,275.82
561,438.65
562,847.03
563,572.36
564,299.32
565,648.67
566,281.47
567,10.0
568,145.3
569,10.0
570,296.2
571,381.16
572,760.39
573,452.54
574,328.25
575,568.23
576,10.0
577,433.48
578,556.21
579,42.76
580,642.29
581,458.78
582,287.03
583,526.91
584,901.55
585,424.8
586,440.41
587,279.21
588,190.45
589,574.74
590,189.93
591,402.3
592,277.28
593,496.27
594,463.53
595,624.78
596,271.69
597,327.0
598,165.5
599,288.05
600,476.2
601,563.39
602,180.23
603,590.01
604,701.5
605,486.7
606,821.46
607,216.38
608,109.26
609,10.0
610,736.28
611,544.44
612,382.7
613,459.81
614,139.18
615,955.49
616,426.72
617,422.64
618,563.9
619,508.44
620,450.15
621,218.86
622,507.61
623,830.3
624,708.17
625,765.22
626,284.91
627,176.07
628,373.86
629,415.78
630,653.47
631,17.3
632,753.83
633,368.75
634,307.78
635,174.53
636,28.14
637,594.71
638,423.85
639,112.85
640,112.14
641,331.74
642,790.19
643,350.05
644,66.4
645,354.11
646,348.4
647,10.0
648,399.2
649,359.29
650,571.55
651,835.35
652,670.77
653,352.42
654,161.51
655,1002.64
656,428.73
657,418.83
658,410.59
659,461.8
660,384.02
661,286.4
662,292.97
663,410.87
664,294.65
665,256.4
666,444.01
667,361.9
668,764.19
669,10.0
670,670.86
671,706.62
672,10.0
673,344.56
674,338.44
675,102.2
676,246.51
677,170.94
678,825.41
679,639.31
680,716.49
681,591.32
682,168.96
683,307.52
684,539.6
685,149.05
686,591.59
687,374.25
688,343.97
689,592.47
690,531.99
691,348.49
692,696.25
693,184.88
694,573.01
695,568.25
696,362.48
697,508.16
698,148.28
699,645.65
700,392.76
701,316.03
702,675.55
703,275.44
704,115.03
705,81.63
706,576.14
707,145.63
708,839.49
709,10.0
710,827.06
711,488.16
712,418.31
713,316.36
714,532.48
715,433.15
716,694.25
717,468.75
718,477.44
719,360.48
720,430.99
721,514.77
722,54.21
723,137.35
724,615.6
725,485.28
726,404.67
727,451.36
728,527.01
729,324.74
730,270.69
731,493.69
732,225.89
733,543.12
734,61.34
735,685.86
736,559.17
737,510.14
738,676.6
739,833.03
740,684.74
741,32.9
742,161.58
743,311.61
744,460.76
745,573.51
746,289.9
747,498.82
748,284.03
749,317.35
750,136.14
751,247.03
752,149.6
753,235.91
754,700.01
755,242.86
756,1061.58
757,573.35
758,503.33
759,265.46
760,621.99
761,330.94
762,490.77
763,1048.21
764,441.85
765,726.8
766,304.06
767,457.16
768,870.14
769,322.82
770,880.56
771,628.64
772,338.9
773,612.33
774,690.48
775,610.8
776,110.48
777,303.53
778,413.55
779,453.55
780,612.79
781,512.05
782,166.84
783,559.21
784,612.29
785,601.14
786,720.61
787,664.66
788,579.5
789,459.02
790,96.05
791,574.1
792,523.85
793,538.89
794,185.62
795,230.78
796,718.8
797,469.61
798,634.79
799,486.02
800,486.8
801,694.8
802,363.01
803,503.31
804,376.19
805,382.99
806,412.07
807,533.9
808,374.23
809,770.93
810,280.12
811,442.26
812,384.94
813,816.42
814,531.2
815,722.48
816,147.82
817,548.66
818,691.34
819,507.35
820,732.41
821,371.27
822,811.87
823,1015.54
824,407.91
825,389.47
826,823.73
827,853.01
828,373.15
829,397.06
830,429.13
831,186.81
832,284.53
833,265.45
834,319.89
835,487.83
836,549.71
837,850.87
838,269.02
839,722.42
840,449.11
841,487.15
842,653.06
843,242.86
844,587.16
845,538.28
846,613.2
847,567.21
848,1062.52
849,356.36
850,381.19
851,360.59
852,376.5
853,358.24
854,775.93
855,829.27
856,374.81
857,315.5
858,613.8
859,380.39
860,651.6
861,553.81
862,161.62
863,861.88
864,919.07
865,369.26
866,421.13
867,575.46
868,587.01
869,661.5
870,970.74
871,471.53
872,330.03
873,197.74
874,346.32
875,506.18
876,924.17
877,396.4
878,566.23
879,511.8
880,787.49
881,1093.74
882,395.62
883,405.54
884,756.34
885,674.03
886,940.59
887,652.55
888,437.52
889,654.99
890,773.79
891,708.39
892,637.29
893,765.53
894,789.43
895,838.51
896,671.4
897,485.47
898,557.62
899,800.18
900,338.37
901,609.67
902,436.04
903,532.92
904,818.87
905,570.91
906,538.31
907,217.49
908,699.08
909,676.51
910,1023.7
911,459.64
912,580.47
913,587.82
914,891.67
915,509.98
916,595.94
917,671.53
918,575.73
919,431.56
920,578.34
921,779.72
922,300.39
923,565.73
924,375.86
925,809.26
926,188.72
927,409.46
928,623.78
929,895.7
930,523.48
931,412.11
932,969.16
933,209.05
934,37.98
935,641.27
936,426.5
937,308.35
938,703.93
939,598.25
940,414.13
941,250.96
942,743.22
943,692.89
944,522.14
945,967.12
946,301.24
947,197.64
948,388.53
949,536.64
950,603.09
951,492.84
952,628.83
953,262.93
954,879.13
955,530.98
956,805.45
957,628.95
958,655.45
959,681.71
960,654.28
961,699.28
962,856.55
963,598.25
964,715.77
965,533.75
966,883.7
967,400.63
968,967.03
969,546.88
970,229.64
971,586.22
972,401.81
973,749.9
974,409.21
975,456.82
976,127.53
977,456.32
978,10.0
979,198.7
980,734.72
981,740.97
982,659.1
983,341.44
984,551.9
985,562.43
986,299.07
987,907.61
988,765.04
989,514.57
990,571.64
991,613.56
992,99.96
993,510.38
994,411.5
995,338.93
996,503.98
997,979.34
998,715.5
999,439.06
1000,700.81
1001,890.14
1002,782.14
1003,584.97
1004,424.01
1005,731.76
1006,662.59
1007,777.66
1008,718.71
1009,813.82
1010,452.22
1011,875.91
1012,620.54
1013,1049.95
1014,418.85
1015,973.34
1016,622.41
1017,428.83
1018,467.55
1019,505.37
1020,675.9
1021,698.89
1022,448.84
1023,574.79
1024,1070.21
1025,975.91
1026,681.38
1027,590.83
1028,610.02
1029,723.21
1030,349.84
1031,525.15
1032,203.21
1033,676.05
1034,733.15
1035,475.36
1036,945.78
1037,306.62
1038,252.56
1039,638.83
1040,827.21
1041,973.15
1042,484.07
1043,835.78
1044,581.0
1045,550.81
1046,792.57
1047,740.18
1048,231.47
1049,929.37
1050,907.79
1051,450.04
1052,683.82
1053,706.71
1054,653.85
1055,469.03
1056,441.77
1057,589.81
1058,864.01
1059,720.74
1060,512.33
1061,773.75
1062,10.0
1063,860.79
1064,201.36
1065,516.45
1066,343.91
1067,304.38
1068,865.79
1069,494.2
1070,680.66
1071,591.23
1072,711.38
1073,620.4
1074,310.2
1075,831.35
1076,491.4
1077,249.04
1078,507.3
1079,948.4
1080,800.24
1081,526.8
1082,527.11
1083,533.87
1084,1082.24
1085,695.5
1086,706.94
1087,844.52
1088,664.15
1089,550.87
1090,565.64
1091,594.59
1092,602.9
1093,778.08
1094,624.17
1095,780.12
1096,594.76
1097,631.61
1098,157.61
1099,823.89
1100,694.16
1101,843.45
1102,10.0
1103,1093.45
1104,584.91
1105,870.42
1106,380.13
1107,758.14
1108,377.94
1109,476.55
1110,1056.77
1111,576.39
1112,670.07
1113,819.62
1114,734.54
1115,656.11
1116,705.58
1117,1171.72
1118,609.94
1119,669.49
1120,864.03
1121,877.01
1122,896.08
1123,771.27
1124,364.68
1125,999.41
1126,364.81
1127,696.29
1128,455.28
1129,613.4
1130,703.61
1131,702.36
1132,725.79
1133,998.51
1134,733.91
1135,574.97
1136,851.45
1137,903.39
1138,351.65
1139,769.03
1140,793.18
1141,565.47
1142,948.18
1143,600.07
1144,663.49
1145,595.71
1146,639.26
1147,385.7
1148,307.62
1149,1001.32
1150,444.01
1151,411.46
1152,146.45
1153,492.88
1154,337.04
1155,1014.87
1156,870.9
1157,483.44
1158,1155.68
1159,865.84
1160,567.79
1161,71.45
1162,1166.27
1163,325.9
1164,267.9
1165,877.86
1166,1202.07
1167,961.39
1168,774.43
1169,781.92
1170,841.47
1171,820.33
1172,711.64
1173,671.66
1174,634.0
1175,476.5
1176,585.08
1177,262.89
1178,627.63
1179,424.7
1180,398.88
1181,692.55
1182,969.91
1183,862.14
1184,294.01
1185,427.17
1186,868.62
1187,429.7
1188,603.28
1189,780.71
1190,434.28
1191,680.02
1192,351.64
1193,519.47
1194,730.36
1195,293.83
1196,758.83
1197,654.16
1198,785.32
1199,710.7
1200,971.64
1201,689.06
1202,562.8
1203,689.29
1204,785.92
1205,673.41
1206,671.97
1207,502.78
1208,512.16
1209,343.62
1210,1064.2
1211,380.79
1212,507.1
1213,501.73
1214,870.75
1215,599.37
1216,952.25
1217,513.79
1218,731.84
1219,477.71
1220,1159.07
1221,398.14
1222,740.68
1223,815.14
1224,765.33
1225,628.92
1226,642.04
1227,682.16
1228,639.02
1229,893.25
1230,1178.5
1231,546.59
1232,361.46
1233,654.68
1234,1264.64
1235,492.15
1236,1050.66
1237,1059.93
1238,550.63
1239,807.54
1240,1050.01
1241,591.84
1242,632.39
1243,546.46
1244,447.98
1245,531.92
1246,401.09
1247,688.94
1248,505.7
1249,735.46
1250,327.05
1251,758.54
1252,873.82
1253,228.38
1254,769.75
1255,965.21
1256,408.85
1257,1067.75
1258,781.83
1259,525.49
1260,674.26
1261,815.0
1262,705.26
1263,811.43
1264,478.47
1265,727.94
1266,366.73
1267,664.74
1268,484.1
1269,523.02
1270,973.89
1271,941.26
1272,831.56
1273,443.31
1274,621.02
1275,970.89
1276,726.58
1277,1224.51
1278,784.95
1279,739.42
1280,625.38
1281,726.96
1282,662.07
1283,859.12
1284,916.36
1285,518.69
1286,394.58
1287,279.66
1288,815.65
1289,447.98
1290,208.67
1291,789.72
1292,1270.93
1293,700.46
1294,893.86
1295,721.44
1296,680.61
1297,913.62
1298,637.79
1299,765.64
1300,778.49
1301,552.82
1302,932.53
1303,666.38
1304,534.15
1305,829.82
1306,502.44
1307,714.59
1308,706.52
1309,957.13
1310,817.95
1311,704.23
1312,897.22
1313,1028.45
1314,838.73
1315,714.12
1316,412.51
1317,469.32
1318,643.37
1319,574.31
1320,671.29
1321,727.39
1322,835.91
1323,699.24
1324,826.94
1325,730.98
1326,265.4
1327,502.56
1328,684.68
1329,441.69
1330,855.56
1331,1068.65
1332,997.83
1333,671.09
1334,1060.86
1335,754.71
1336,644.19
1337,581.52
1338,653.0
1339,633.87
1340,761.93
1341,760.13
1342,724.6
1343,824.17
1344,996.81
1345,942.18
1346,386.47
1347,142.7
1348,940.05
1349,414.78
1350,676.15
1351,460.63
1352,316.73
1353,852.55
1354,902.73
1355,598.04
1356,138.27
1357,605.86
1358,820.61
1359,393.69
1360,773.89
1361,728.95
1362,865.24
1363,760.67
1364,511.5
1365,1007.61
1366,698.48
1367,728.91
1368,522.39
1369,634.78
1370,534.36
1371,697.44
1372,1128.44
1373,424.44
1374,369.68
1375,1074.84
1376,691.38
1377,586.8
1378,977.67
1379,602.2
1380,1158.16
1381,896.32
1382,630.44
1383,1235.19
1384,604.42
1385,912.78
1386,812.07
1387,1041.54
1388,1101.33
1389,752.36
1390,573.38
1391,851.03
1392,591.57
1393,1206.81
1394,778.49
1395,664.29
1396,790.39
1397,440.9
1398,527.13
1399,1023.79
1400,599.93
1401,511.28
1402,873.5
1403,1022.23
1404,916.05
1405,979.8
1406,579.81
1407,428.33
1408,1096.58
1409,680.33
1410,697.2
1411,1058.38
1412,882.47
1413,860.0
1414,1250.9
1415,609.74
1416,969.17
1417,770.67
1418,819.46
1419,1107.73
1420,875.02
1421,882.43
1422,1004.92
1423,676.98
1424,569.08
1425,522.56
1426,312.48
1427,1231.9
1428,510.57
1429,712.5
1430,700.26
1431,834.18
1432,950.76
1433,961.43
1434,632.09
1435,727.57
1436,830.76
1437,709.84
1438,1134.3
1439,879.71
1440,935.88
1441,919.89
1442,1036.98
1443,810.7
1444,473.53
1445,861.56
1446,621.9
1447,650.39
1448,905.56
1449,1054.94
1450,777.36
1451,843.5
1452,1162.28
1453,828.85
1454,1368.66
1455,903.94
1456,372.95
1457,947.75
1458,863.18
1459,1071.2
1460,930.79
1461,745.82
1462,498.21
1463,730.6
1464,584.5
1465,646.63
1466,914.16
1467,1161.64
1468,870.76
1469,507.85
1470,883.07
1471,1055.32
1472,643.09
1473,752.23
1474,786.66
1475,604.44
1476,932.3
1477,757.02
1478,880.94
1479,582.8
1480,686.06
1481,951.48
1482,701.73
1483,1181.88
1484,696.5
1485,839.58
1486,1001.75
1487,465.12
1488,387.34
1489,441.51
1490,1078.94
1491,664.88
1492,1375.83
1493,662.95
1494,834.46
1495,1145.05
1496,1251.5
1497,1264.61
1498,1070.15
1499,1028.5
1500,930.36
1501,973.27
1502,669.98
1503,609.43
1504,796.03
1505,758.37
1506,694.16
1507,957.24
1508,1016.84
1509,819.25
1510,1137.05
1511,539.13
1512,756.16
1513,637.09
1514,374.88
1515,782.86
1516,774.39
1517,1148.4
1518,947.21
1519,569.57
1520,1227.57
1521,1083.4
1522,937.88
1523,753.61
1524,586.61
1525,721.22
1526,1055.43
1527,1237.69
1528,1160.16
1529,696.37
1530,552.72
1531,841.14
1532,405.39
1533,883.68
1534,776.58
1535,704.28
1536,446.89
1537,928.98
1538,690.4
1539,545.28
1540,156.82
1541,807.16
1542,1218.78
1543,1193.87
1544,710.38
1545,677.67
1546,922.79
1547,588.07
1548,885.55
1549,992.06
1550,1097.8
1551,795.07
1552,771.87
1553,618.27
1554,630.4
1555,768.01
1556,904.13
1557,1029.36
1558,637.61
1559,1162.56
1560,760.06
1561,817.57
1562,652.2
1563,269.53
1564,1025.76
1565,992.58
1566,760.43
1567,840.45
1568,943.47
1569,469.08
1570,705.64
1571,1008.4
1572,540.85
1573,894.91
1574,518.38
1575,935.31
1576,821.06
1577,460.67
1578,1096.19
1579,662.73
1580,645.9
1581,877.27
1582,1094.31
1583,600.28
1584,846.89
1585,931.21
1586,992.04
1587,874.46
1588,750.75
1589,645.98
1590,855.18
1591,591.02
1592,169.01
1593,936.58
1594,1043.81
1595,297.93
1596,607.52
1597,980.1
1598,1309.14
1599,844.3
1600,673.69
1601,798.67
1602,1154.99
1603,693.78
1604,659.22
1605,731.97
1606,624.91
1607,871.17
1608,1214.76
1609,917.86
1610,786.85
1611,778.28
1612,488.28
1613,1047.6
1614,828.52
1615,805.52
1616,1576.67
1617,915.9
1618,676.35
1619,751.15
1620,1111.37
1621,875.33
1622,521.32
1623,1060.35
1624,698.16
1625,1279.21
1626,1098.44
1627,749.96
1628,1145.25
1629,868.55
1630,1048.32
1631,964.69
1632,661.05
1633,707.83
1634,1090.6
1635,779.27
1636,763.99
1637,638.45
1638,953.87
1639,1328.74
1640,614.12
1641,863.98
1642,1181.53
1643,841.16
1644,963.15
1645,617.54
1646,958.55
1647,818.4
1648,1086.79
1649,1133.31
1650,1454.09
1651,995.37
1652,937.83
1653,908.26
1654,783.62
1655,942.08
1656,797.71
1657,904.14
1658,1167.11
1659,636.6
1660,1127.41
1661,1168.35
1662,840.93
1663,383.61
1664,729.94
1665,1165.55
1666,864.48
1667,641.86
1668,755.28
1669,1063.09
1670,996.4
1671,817.37
1672,788.6
1673,783.35
1674,662.57
1675,1242.79
1676,800.56
1677,1152.71
1678,1222.65
1679,1103.62
1680,777.4
1681,968.68
1682,871.37
1683,670.9
1684,951.9
1685,608.89
1686,1150.03
1687,773.01
1688,925.56
1689,944.77
1690,821.35
1691,1014.98
1692,772.91
1693,1080.9
1694,574.81
1695,911.62
1696,1326.15
1697,655.12
1698,729.27
1699,1001.95
1700,926.03
1701,965.55
1702,997.66
1703,1031.35
1704,1140.31
1705,980.87
1706,832.58
1707,1041.8
1708,1322.63
1709,858.75
1710,666.87
1711,1142.87
1712,862.9
1713,394.5
1714,1084.9
1715,769.45
1716,871.52
1717,968.49
1718,936.62
1719,1055.63
1720,794.51
1721,1011.67
1722,835.61
1723,1064.13
1724,1036.38
1725,682.55
1726,1144.8
1727,774.71
1728,1082.2
1729,981.96
1730,1318.44
1731,847.9
1732,819.6
1733,895.41
1734,831.04
1735,1083.5
1736,531.95
1737,660.93
1738,658.16
1739,1119.65
1740,1293.79
1741,879.59
1742,865.33
1743,920.35
1744,1170.23
1745,693.39
1746,960.16
1747,1128.94
1748,1021.08
1749,950.36
1750,1136.19
1751,290.39
1752,1063.26
1753,759.42
1754,491.09
1755,1026.54
1756,1224.02
1757,879.25
1758,1128.79
1759,1279.88
1760,1212.4
1761,1287.1
1762,1082.44
1763,930.58
1764,547.83
1765,858.04
1766,722.06
1767,1411.11
1768,875.42
1769,944.2
1770,1042.49
1771,926.91
1772,1304.64
1773,775.6
1774,962.76
1775,749.13
1776,617.64
1777,779.89
1778,911.64
1779,822.47
1780,762.81
1781,600.17
1782,902.91
1783,578.59
1784,1096.44
1785,942.08
1786,590.72
1787,853.51
1788,752.77
1789,997.97
1790,1231.73
1791,497.56
1792,952.68
1793,890.27
1794,1080.67
1795,976.46
1796,756.41
1797,855.76
1798,747.25
1799,1175.37
1800,934.87
1801,1364.78
1802,917.04
1803,769.51
1804,585.99
1805,520.32
1806,570.8
1807,994.18
1808,1049.82
1809,572.82
1810,1138.97
1811,824.59
1812,968.94
1813,1304.17
1814,1141.19
1815,875.4
1816,733.6
1817,446.06
1818,773.81
1819,890.32
1820,713.48
1821,909.46
1822,957.46
1823,888.98
1824,792.31
1825,979.78
1826,1042.66
1827,693.05
1828,1264.93
1829,920.53
1830,947.81
1831,1105.74
1832,997.68
1833,1162.6
1834,1010.89
1835,805.84
1836,1028.79
1837,685.36
1838,971.9
1839,939.96
1840,900.46
1841,919.09
1842,518.99
1843,823.99
1844,971.01
1845,986.77
1846,715.92
1847,1240.3
1848,753.72
1849,1173.53
1850,1050.09
1851,805.32
1852,1358.97
1853,681.16
1854,1164.28
1855,1183.34
1856,801.99
1857,1273.76
1858,898.98
1859,1022.5
1860,1016.47
1861,926.77
1862,1143.13
1863,1139.62
1864,559.34
1865,1257.23
1866,579.9
1867,1196.04
1868,1218.0
1869,711.82
1870,867.65
1871,709.35
1872,913.3
1873,892.48
1874,1141.42
1875,1263.09
1876,1283.05
1877,836.22
1878,917.3
1879,580.96
1880,781.9
1881,1186.87
1882,1335.98
1883,685.36
1884,832.45
1885,962.22
1886,1032.7
1887,784.19
1888,1066.48
1889,861.8
1890,967.2
1891,1095.75
1892,972.87
1893,872.16
1894,947.26
1895,952.56
1896,888.67
1897,914.53
1898,1339.32
1899,1102.69
1900,907.5
1901,1134.67
1902,899.64
1903,1244.35
1904,1061.25
1905,952.74
1906,1079.98
1907,619.28
1908,721.19
1909,706.29
1910,1012.16
1911,1375.75
1912,1490.15
1913,1126.61
1914,1095.72
1915,570.29
1916,858.22
1917,802.68
1918,841.27
1919,945.14
1920,876.15
1921,532.27
1922,1155.76
1923,740.28
1924,1040.46
1925,1460.08
1926,776.66
1927,409.1
1928,922.26
1929,1239.57
1930,1435.89
1931,708.06
1932,1102.87
1933,883.55
1934,966.1
1935,1594.86
1936,647.84
1937,1049.62
1938,1098.95
1939,1240.6
1940,1015.38
1941,1063.83
1942,904.43
1943,1055.83
1944,916.4
1945,1137.25
1946,911.26
1947,1082.3
1948,989.91
1949,1254.3
1950,985.76
1951,592.9
1952,1286.69
1953,791.93
1954,849.95
1955,863.67
1956,1314.19
1957,512.75
1958,1717.93
1959,1242.81
1960,1053.0
1961,989.91
1962,1068.14
1963,1122.4
1964,1151.2
1965,1131.18
1966,1025.16
1967,960.07
1968,971.04
1969,961.52
1970,1265.51
1971,1142.55
1972,335.66
1973,1157.69
1974,1052.79
1975,1004.48
1976,920.44
1977,1266.46
1978,1226.57
1979,833.98
1980,1103.99
1981,789.47
1982,696.72
1983,869.17
1984,1209.82
1985,1230.99
1986,1130.92
1987,1179.8
1988,1132.52
1989,868.5
1990,1114.17
1991,1198.81
1992,1188.72
1993,1288.46
1994,1179.11
1995,1098.04
1996,1262.68
1997,1012.59
1998,817.63
1999,982.3
2000,849.82
2001,866.2
2002,987.88
2003,840.32
2004,951.45
2005,589.65
2006,1071.43
2007,1023.43
2008,836.93
2009,1174.66
2010,1238.69
2011,657.7
2012,851.15
2013,850.14
2014,811.58
2015,1216.25
2016,982.92
2017,967.22
2018,570.31
2019,1173.71
2020,745.89
2021,1043.14
2022,1093.27
2023,1341.2
2024,731.8
2025,341.43
2026,1073.7
2027,1443.48
2028,1315.64
2029,1080.95
2030,921.18
2031,1218.34
2032,811.99
2033,1143.68
2034,1150.78
2035,1277.96
2036,1666.65
2037,1126.3
2038,920.83
2039,1031.71
2040,633.85
2041,879.74
2042,945.4
2043,919.62
2044,1074.61
2045,852.37
2046,1296.8
2047,1041.2
2048,1039.48
2049,967.14
2050,1077.95
2051,1231.45
2052,845.3
2053,893.5
2054,974.91
2055,737.28
2056,858.04
2057,936.86
2058,1245.86
2059,1106.53
2060,1091.23
2061,1241.84
2062,1016.52
2063,1137.55
2064,1025.22
2065,1109.87
2066,916.57
2067,493.0
2068,1019.92
2069,1376.08
2070,1263.1
2071,1272.5
2072,1334.8
2073,1073.1
2074,1098.38
2075,912.65
2076,981.99
2077,1195.32
2078,1330.13
2079,1023.69
2080,953.15
2081,1056.57
2082,1194.25
2083,727.5
2084,533.23
2085,932.48
2086,779.82
2087,943.06
2088,1025.84
2089,956.5
2090,1392.32
2091,1135.6
2092,1130.04
2093,1204.0
2094,802.13
2095,1300.14
2096,1045.89
2097,1216.82
2098,819.23
2099,709.59
2100,1251.85
2101,1151.44
2102,859.82
2103,867.67
2104,1323.91
2105,795.53
2106,1442.97
2107,862.4
2108,1214.44
2109,993.98
2110,1207.3
2111,945.65
2112,1033.21
2113,1080.2
2114,842.35
2115,1240.99
2116,954.95
2117,1020.43
2118,845.94
2119,488.18
2120,1030.36
2121,1625.62
2122,1254.15
2123,1070.95
2124,1015.74
2125,1081.38
2126,1201.69
2127,807.39
2128,1332.17
2129,1241.48
2130,1242.57
2131,1179.12
2132,1083.88
2133,1233.57
2134,1215.5
2135,999.87
2136,950.16
2137,1104.92
2138,1435.98
2139,799.47
2140,747.74
2141,1121.09
2142,1095.53
2143,1123.95
2144,1140.53
2145,1034.26
2146,1426.06
2147,720.42
2148,897.33
2149,1063.46
2150,712.11
2151,1047.78
2152,1467.97
2153,1093.62
2154,1142.0
2155,801.86
2156,949.39
2157,1004.94
2158,1018.52
2159,1384.35
2160,1219.41
2161,838.53
2162,1149.21
2163,1207.17
2164,1354.27
2165,1455.33
2166,862.8
2167,909.91
2168,808.3
2169,1042.59
2170,1203.04
2171,1322.51
2172,1080.05
2173,1024.78
2174,1132.97
2175,907.96
2176,1576.56
2177,732.38
2178,1142.3
2179,1562.85
2180,1102.55
2181,1058.04
2182,1020.24
2183,1061.14
2184,1416.43
2185,597.94
2186,1454.02
2187,778.84
2188,1043.68
2189,1006.99
2190,1239.96
2191,740.85
2192,1211.98
2193,1569.31
2194,795.88
2195,1151.09
2196,956.97
2197,1205.95
2198,1113.47
2199,963.0
2200,1221.46
2201,1522.66
2202,1067.29
2203,1275.78
2204,816.35
2205,893.75
2206,1220.62
2207,1452.2
2208,1194.84
2209,1042.53
2210,1114.34
2211,829.29
2212,1253.5
2213,1317.42
2214,1013.02
2215,1009.37
2216,1177.94
2217,1017.88
2218,1102.99
2219,1598.24
2220,1062.57
2221,1037.59
2222,971.97
2223,1290.36
2224,1079.4
2225,972.9
2226,1423.56
2227,1446.46
2228,985.43
2229,696.63
2230,1353.67
2231,967.54
2232,1305.02
2233,674.77
2234,1329.22
2235,849.05
2236,1293.15
2237,1129.91
2238,909.17
2239,1034.56
2240,1284.79
2241,1152.64
2242,1262.41
2243,1580.87
2244,772.44
2245,1499.71
2246,1154.54
2247,925.82
2248,827.69
2249,1088.84
2250,1343.05
2251,1103.81
2252,1478.63
2253,802.32
2254,1131.54
2255,848.64
2256,1218.27
2257,1338.26
2258,1039.98
2259,541.61
2260,1182.45
2261,1237.22
2262,1230.26
2263,1420.67
2264,894.11
2265,1294.65
2266,1412.13
2267,733.83
2268,1213.63
2269,1025.87
2270,1122.88
2271,1221.38
2272,1031.09
2273,988.48
2274,1151.1
2275,895.37
2276,896.14
2277,1299.85
2278,882.65
2279,1297.77
2280,1251.68
2281,752.18
2282,992.11
2283,1420.15
2284,923.65
2285,1042.16
2286,1254.26
2287,1328.12
2288,1092.14
2289,1013.55
2290,1475.44
2291,1548.21
2292,1375.02
2293,1171.34
2294,967.65
2295,963.03
2296,1272.57
2297,1249.23
2298,1474.3
2299,1303.15
2300,811.62
2301,1395.77
2302,927.89
2303,1068.63
2304,1213.96
2305,1613.17
2306,1868.17
2307,1296.76
2308,1116.75
2309,1281.16
2310,1362.29
2311,1086.69
2312,1570.52
2313,1213.41
2314,1275.01
2315,1313.88
2316,1258.51
2317,1354.31
2318,1022.09
2319,1036.0
2320,912.67
2321,1264.86
2322,1342.85
2323,1269.93
2324,1548.34
2325,1164.97
2326,1319.48
2327,917.75
2328,1079.17
2329,1326.95
2330,1362.48
2331,1101.79
2332,1153.04
2333,823.09
2334,1088.74
2335,1374.16
2336,1302.61
2337,1286.03
2338,1183.47
2339,1174.16
2340,1022.15
2341,1333.1
2342,1270.07
2343,1286.75
2344,1054.63
2345,683.31
2346,1426.35
2347,1066.76
2348,979.5
2349,1335.48
2350,1087.94
2351,1420.1
2352,1319.36
2353,1335.01
2354,867.24
2355,1456.62
2356,1239.88
2357,1096.29
2358,1213.86
2359,775.76
2360,1275.36
2361,947.29
2362,873.88
2363,835.56
2364,1438.0
2365,1040.49
2366,1535.08
2367,1062.74
2368,795.55
2369,930.98
2370,1468.82
2371,1151.33
2372,1062.14
2373,1224.41
2374,1302.93
2375,1444.02
2376,1520.11
2377,1107.46
2378,887.16
2379,1096.09
2380,1250.46
2381,971.28
2382,973.24
2383,1270.89
2384,1181.69
2385,1200.74
2386,1020.42
2387,1141.51
2388,983.46
2389,1398.42
2390,1432.01
2391,774.18
2392,984.05
2393,854.96
2394,1048.8
2395,1178.69
2396,867.02
2397,988.05
2398,969.74
2399,1246.9
2400,1215.84
2401,1035.57
2402,1241.3
2403,1076.46
2404,1139.74
2405,1584.55
2406,1508.93
2407,906.26
2408,1393.15
2409,1389.42
2410,942.18
2411,1392.0
2412,1556.74
2413,949.4
2414,996.69
2415,1439.24
2416,1269.22
2417,1333.64
2418,1285.91
2419,1297.81
2420,905.96
2421,1448.71
2422,1477.1
2423,1157.95
2424,1200.87
2425,861.46
2426,1329.18
2427,1342.84
2428,1198.39
2429,1469.91
2430,1137.18
2431,1342.94
2432,981.45
2433,1209.47
2434,1175.47
2435,1267.22
2436,1131.78
2437,1186.61
2438,1405.81
2439,1117.77
2440,850.97
2441,1618.15
2442,1534.5
2443,924.13
2444,1377.37
2445,1105.34
2446,1280.89
2447,1288.37
2448,1168.05
2449,1043.0
2450,1064.74
2451,1013.64
2452,1033.37
2453,1208.5
2454,1060.78
2455,1380.57
2456,1564.97
2457,1093.14
2458,1280.79
2459,1340.7
2460,1334.83
2461,1244.8
2462,1397.57
2463,1338.52
2464,946.05
2465,1427.81
2466,1432.4
2467,1055.78
2468,1239.27
2469,1387.16
2470,1183.68
2471,1477.07
2472,1772.43
2473,1053.29
2474,917.8
2475,1303.16
2476,1399.04
2477,1181.91
2478,1567.1
2479,929.74
2480,1394.3
2481,1098.04
2482,1629.7
2483,1692.55
2484,1062.66
2485,1112.7
2486,1435.08
2487,1150.71
2488,1229.23
2489,1245.85
2490,801.95
2491,1237.79
2492,1083.83
2493,1129.19
2494,1572.1
2495,955.7
2496,1428.98
2497,1179.92
2498,1180.19
2499,1425.11
2500,1322.69
2501,1375.81
2502,1467.08
2503,1170.66
2504,1106.93
2505,999.34
2506,1059.13
2507,1921.88
2508,1532.95
2509,940.39
2510,947.38
2511,1360.03
2512,1375.42
2513,1376.24
2514,1193.05
2515,1223.09
2516,1327.11
2517,1272.27
2518,746.09
2519,1201.05
2520,1059.49
2521,1294.48
2522,1936.89
2523,1339.3
2524,1184.17
2525,1466.84
2526,1366.97
2527,1353.12
2528,1396.24
2529,1727.87
2530,1000.15
2531,1367.15
2532,1047.77
2533,1386.76
2534,1050.42
2535,1165.4
2536,1193.79
2537,1484.58
2538,1471.92
2539,977.96
2540,1275.55
2541,1101.34
2542,976.39
2543,1214.77
2544,1194.33
2545,1819.64
2546,1364.61
2547,951.43
2548,1137.58
2549,1500.39
2550,1744.61
2551,905.63
2552,838.93
2553,1696.28
2554,1358.31
2555,1071.39
2556,1392.34
2557,668.51
2558,1271.87
2559,1346.44
2560,1483.15
2561,1040.82
2562,1292.48
2563,1061.93
2564,1332.14
2565,1069.71
2566,1181.47
2567,1047.65
2568,1424.35
2569,1472.17
2570,1222.9
2571,1285.69
2572,946.47
2573,1209.39
2574,1266.83
2575,1877.48
2576,1025.17
2577,1614.15
2578,1507.84
2579,1344.66
2580,1682.76
2581,1366.46
2582,1370.8
2583,1270.21
2584,1562.33
2585,1533.74
2586,1140.76
2587,982.76
2588,1238.23
2589,1102.28
2590,1270.99
2591,1568.65
2592,1181.93
2593,1277.07
2594,1300.56
2595,1481.58
2596,774.89
2597,1150.05
2598,1337.37
2599,1563.71
2600,1177.62
2601,861.75
2602,1432.47
2603,1146.2
2604,1020.02
2605,1149.62
2606,1250.54
2607,1154.99
2608,789.73
2609,1498.99
2610,1585.75
2611,1443.79
2612,1035.49
2613,1249.82
2614,1294.81
2615,1433.55
2616,1449.88
2617,1129.93
2618,1316.83
2619,1403.02
2620,1631.59
2621,1460.4
2622,1480.16
2623,1319.5
2624,1623.02
2625,1394.86
2626,1104.98
2627,1622.75
2628,1462.04
2629,1201.84
2630,1193.96
2631,1371.7
2632,1410.22
2633,1349.92
2634,1376.42
2635,1694.11
2636,1551.0
2637,1350.2
2638,1522.15
2639,1071.67
2640,1398.91
2641,1721.79
2642,1259.09
2643,1115.71
2644,1160.83
2645,1061.32
2646,1131.42
2647,1226.51
2648,990.49
2649,1315.62
2650,1518.63
2651,1105.57
2652,1660.48
2653,1430.54
2654,1549.74
2655,1164.47
2656,1510.42
2657,1066.19
2658,1519.48
2659,1355.81
2660,1443.39
2661,1048.88
2662,1113.42
2663,1454.79
2664,1102.15
2665,1425.07
2666,1007.37
2667,1513.92
2668,1039.03
2669,1447.22
2670,1464.43
2671,1162.77
2672,1455.37
2673,1382.35
2674,1200.2
2675,1093.34
2676,875.83
2677,1404.53
2678,967.62
2679,1347.33
2680,1265.81
2681,1481.6
2682,1257.9
2683,1252.09
2684,1495.0
2685,1404.79
2686,1400.93
2687,1436.36
2688,978.79
2689,1502.94
2690,1470.42
2691,1098.69
2692,1275.64
2693,1322.87
2694,1301.57
2695,1409.02
2696,1660.2
2697,1580.78
2698,1034.32
2699,1476.66
2700,1638.6
2701,1423.82
2702,1585.14
2703,1796.06
2704,1570.67
2705,1394.21
2706,1576.45
2707,1371.25
2708,1344.06
2709,1258.77
2710,1696.67
2711,1152.98
2712,1690.47
2713,1455.05
2714,1021.62
2715,1425.74
2716,862.44
2717,1485.55
2718,1545.33
2719,1208.22
2720,1372.22
2721,1790.88
2722,1229.36
2723,1103.44
2724,1684.29
2725,1794.61
2726,1347.54
2727,1578.22
2728,1654.06
2729,1178.43
2730,1237.63
2731,1630.15
2732,1734.35
2733,1478.44
2734,1149.3
2735,1804.7
2736,1229.9
2737,1275.09
2738,1430.31
2739,1707.6
2740,1548.09
2741,1448.23
2742,1459.74
2743,1364.29
2744,1482.31
2745,777.36
2746,1287.94
2747,1411.28
2748,1093.65
2749,1445.31
2750,1310.79
2751,1758.99
2752,1717.76
2753,1252.44
2754,1324.84
2755,1342.86
2756,1257.02
2757,1405.2
2758,1187.87
2759,1103.26
2760,1504.26
2761,1506.27
2762,1179.15
2763,1567.9
2764,1219.51
2765,1422.09
2766,1552.11
2767,1357.47
2768,1469.49
2769,1248.07
2770,1321.62
2771,1319.92
2772,1196.84
2773,1327.47
2774,1014.51
2775,1256.54
2776,1304.12
2777,1311.12
2778,1314.93
2779,1356.44
2780,1480.53
2781,1571.24
2782,1223.46
2783,1097.48
2784,1134.74
2785,1261.95
2786,1293.3
2787,1198.24
2788,1078.5
2789,1270.85
2790,1416.95
2791,1511.89
2792,1249.06
2793,1282.5
2794,1165.59
2795,1370.57
2796,1184.37
2797,1509.58
2798,971.11
2799,1297.39
2800,1448.79
2801,1422.45
2802,1996.13
2803,1461.26
2804,1152.42
2805,1360.44
2806,976.91
2807,1364.74
2808,1193.29
2809,1593.17
2810,1258.96
2811,1358.27
2812,1240.2
2813,1783.1
2814,1312.91
2815,1805.4
2816,1573.2
2817,1497.78
2818,1472.34
2819,1478.51
2820,948.62
2821,1325.74
2822,1582.98
2823,1379.18
2824,1069.78
2825,1379.28
2826,1781.01
2827,1677.01
2828,1378.44
2829,1610.41
2830,1309.77
2831,1004.7
2832,1183.2
2833,1751.9
2834,1332.71
2835,1340.15
2836,1327.7
2837,1831.66
2838,1768.56
2839,1904.44
2840,1361.67
2841,1465.99
2842,1052.42
2843,1736.76
2844,1133.02
2845,1449.77
2846,1150.02
2847,1266.62
2848,1210.32
2849,1263.18
2850,1279.34
2851,1277.7
2852,1593.78
2853,1151.44
2854,1454.68
2855,1683.0
2856,1287.96
2857,1241.64
2858,1353.44
2859,1676.06
2860,1451.34
2861,1286.09
2862,1518.44
2863,1156.53
2864,1564.46
2865,1502.6
2866,1339.38
2867,1218.57
2868,1208.04
2869,1533.23
2870,1692.26
2871,1266.36
2872,1517.12
2873,936.06
2874,1279.74
2875,1406.65
2876,1206.38
2877,1200.7
2878,1262.54
2879,1482.3
2880,1373.2
2881,905.12
2882,932.42
2883,1278.71
2884,1522.36
2885,790.57
2886,1304.54
2887,1298.93
2888,1736.77
2889,1332.09
2890,1507.99
2891,1453.22
2892,934.67
2893,1597.35
2894,1471.51
2895,1538.87
2896,2320.16
2897,947.53
2898,1818.11
2899,1358.88
2900,1490.64
2901,1415.05
2902,1328.98
2903,1296.17
2904,1502.08
2905,1080.65
2906,1599.17
2907,1333.07
2908,1170.43
2909,1326.24
2910,1716.7
2911,1307.65
2912,1512.29
2913,1263.86
2914,1604.45
2915,1588.36
2916,1854.52
2917,1392.54
2918,1585.86
2919,1455.95
2920,1730.05
2921,1270.23
2922,1605.1
2923,1390.87
2924,1421.14
2925,1457.21
2926,1494.33
2927,1410.6
2928,1486.65
2929,1798.58
2930,1663.63
2931,1637.51
2932,1335.33
2933,1236.7
2934,1658.54
2935,1640.89
2936,1777.64
2937,1303.67
2938,1389.66
2939,1068.01
2940,1353.34
2941,1671.12
2942,1337.33
2943,1590.67
2944,1401.28
2945,1519.28
2946,1183.51
2947,1465.62
2948,763.27
2949,1404.35
2950,1075.01
2951,1723.46
2952,1626.0
2953,1555.46
2954,1796.78
2955,1232.97
2956,1849.39
2957,1663.61
2958,1397.06
2959,1710.99
2960,1199.26
2961,1264.09
2962,1313.87
2963,1332.5
2964,1212.43
2965,1733.67
2966,1395.56
2967,1535.68
2968,1325.3
2969,1040.13
2970,1518.2
2971,1020.09
2972,1441.72
2973,1145.25
2974,1912.3
2975,1666.95
2976,1483.36
2977,1748.35
2978,1266.76
2979,1584.71
2980,1506.65
2981,1521.77
2982,1752.57
2983,1629.69
2984,1528.76
2985,1085.19
2986,1244.37
2987,1436.12
2988,1485.93
2989,1206.85
2990,2016.45
2991,1812.37
2992,1603.96
2993,1483.31
2994,1418.82
2995,1250.28
2996,1485.9
2997,1527.53
2998,1185.42
2999,1545.89
3000,1434.53
3001,1034.61
3002,1274.34
3003,1376.86
3004,1903.05
3005,1599.4
3006,1167.61
3007,1584.19
3008,1120.11
3009,1721.39
3010,1366.87
3011,1453.56
3012,1778.28
3013,1181.79
3014,1157.12
3015,1343.43
3016,1714.42
3017,1130.55
3018,831.09
3019,1375.48
3020,1605.05
3021,1753.65
3022,1374.09
3023,1386.36
3024,1744.41
3025,1054.1
3026,1392.94
3027,1525.65
3028,1585.23
3029,1366.58
3030,1491.37
3031,915.48
3032,1334.02
3033,1588.46
3034,1260.89
3035,1499.23
3036,1588.29
3037,1408.39
3038,1526.04
3039,1267.61
3040,1440.8
3041,1627.86
3042,1524.76
3043,1355.36
3044,1541.02
3045,1653.5
3046,1022.38
3047,1755.94
3048,1414.78
3049,1589.25
3050,1766.01
3051,1179.59
3052,1331.33
3053,1427.93
3054,1315.25
3055,1891.1
3056,1299.47
3057,1368.73
3058,1542.79
3059,1221.92
3060,1406.61
3061,1569.97
3062,1421.86
3063,1477.02
3064,1377.87
3065,1153.26
3066,1573.17
3067,1901.07
3068,1504.8
3069,1552.51
3070,1659.75
3071,1211.97
3072,1891.34
3073,1549.07
3074,1876.1
3075,1336.29
3076,1919.54
3077,1681.74
3078,1631.44
3079,1559.01
3080,1449.22
3081,1780.71
3082,1538.97
3083,1057.97
3084,1252.58
3085,1465.79
3086,1579.52
3087,1496.22
3088,1788.08
3089,1064.32
3090,1543.3
3091,1095.63
3092,1684.96
3093,1490.27
3094,1608.16
3095,1315.39
3096,1805.5
3097,1751.64
3098,1647.41
3099,1484.96
3100,1647.47
3101,1353.96
3102,1711.35
3103,1893.18
3104,1761.38
3105,1350.57
3106,1600.27
3107,1222.73
3108,1649.36
3109,1621.99
3110,1092.34
3111,1254.54
3112,1455.72
3113,1452.12
3114,1244.99
3115,1610.61
3116,1579.65
3117,1478.27
3118,1350.44
3119,1763.13
3120,1902.18
3121,1413.98
3122,1385.05
3123,1637.57
3124,1444.01
3125,1494.4
3126,1695.68
3127,1090.95
3128,1828.77
3129,1544.65
3130,1434.49
3131,1508.56
3132,1520.82
3133,1134.35
3134,1871.82
3135,1540.19
3136,1632.41
3137,1749.03
3138,1298.81
3139,1640.72
3140,1471.86
3141,1726.9
3142,1047.93
3143,1511.71
3144,1397.08
3145,1634.0
3146,1643.08
3147,1374.49
3148,1373.9
3149,1511.77
3150,1332.66
3151,1730.3
3152,1454.05
3153,874.74
3154,1453.67
3155,1302.49
3156,1167.53
3157,1257.96
3158,1566.09
3159,1845.08
3160,1613.55
3161,1403.89
3162,1647.05
3163,1438.47
3164,1385.12
3165,1280.53
3166,1144.49
3167,1456.07
3168,1581.71
3169,1523.98
3170,1451.47
3171,1330.89
3172,1686.36
3173,1246.95
3174,1725.59
3175,1319.79
3176,1377.3
3177,1214.56
3178,1435.55
3179,1773.36
3180,1668.8
3181,1774.97
3182,1671.18
3183,1300.21
3184,1477.23
3185,1375.01
3186,1857.67
3187,1280.74
3188,1758.77
3189,1759.05
3190,1973.48
3191,1462.36
3192,1719.13
3193,2078.1
3194,1416.2
3195,1207.07
3196,1128.71
3197,1721.47
3198,1128.89
3199,1474.49
3200,1659.91
3201,1602.75
3202,1658.09
3203,1612.13
3204,1853.96
3205,1344.69
3206,1408.04
3207,1386.63
3208,1753.26
3209,1769.75
3210,1667.58
3211,1835.32
3212,1296.27
3213,1946.73
3214,1914.29
3215,1734.8
3216,1974.26
3217,1189.19
3218,1448.29
3219,1400.57
3220,1733.82
3221,1329.54
3222,1742.95
3223,1883.45
3224,1729.62
3225,1636.07
3226,1346.02
3227,1378.68
3228,1858.08
3229,1751.09
3230,1564.59
3231,1478.48
3232,1111.6
3233,1330.21
3234,2011.97
3235,1283.23
3236,1619.49
3237,1806.8
3238,1290.41
3239,1619.75
3240,1792.27
3241,1581.31
3242,2234.19
3243,1198.15
3244,1821.67
3245,1540.77
3246,1757.05
3247,1681.97
3248,1414.11
3249,1634.36
3250,1158.06
3251,1720.76
3252,1651.52
3253,1729.75
3254,1826.03
3255,1668.73
3256,1619.03
3257,1384.37
3258,1423.39
3259,1857.66
3260,1915.13
3261,1533.05
3262,1598.41
3263,1381.69
3264,1856.72
3265,1741.27
3266,2033.18
3267,1389.49
3268,1504.24
3269,1643.92
3270,1739.19
3271,1542.68
3272,1392.97
3273,1794.21
3274,1758.05
3275,1384.42
3276,1903.85
3277,1861.99
3278,1625.78
3279,1613.73
3280,1722.58
3281,1399.59
3282,1603.76
3283,1105.63
3284,1798.03
3285,1241.52
3286,1942.16
3287,1523.73
3288,1551.24
3289,1456.64
3290,1534.7
3291,1925.02
3292,1033.05
3293,1893.58
3294,1679.52
3295,1327.0
3296,1357.54
3297,1986.63
3298,1388.1
3299,1341.06
3300,1864.82
3301,1682.79
3302,1391.63
3303,1655.84
3304,1372.46
3305,1858.74
3306,1850.17
3307,1729.69
3308,1691.22
3309,2011.4
3310,1609.43
3311,1339.95
3312,1713.08
3313,2087.41
3314,1379.48
3315,1529.17
3316,1707.34
3317,1600.34
3318,1388.69
3319,1869.84
3320,2144.02
3321,1659.26
3322,1408.36
3323,1261.49
3324,1674.74
3325,1868.43
3326,1725.25
3327,1616.6
3328,1482.98
3329,1368.54
3330,1809.2
3331,1827.7
3332,1266.27
3333,1983.05
3334,1751.45
3335,1940.49
3336,1314.59
3337,1309.62
3338,1588.07
3339,1737.41
3340,2033.38
3341,1784.76
3342,1568.46
3343,1389.87
3344,1905.8
3345,1404.86
3346,1997.73
3347,1561.18
3348,1989.97
3349,1782.15
3350,1596.2
3351,1509.29
3352,1550.52
3353,1726.7
3354,1646.93
3355,1494.09
3356,1592.36
3357,1648.6
3358,1144.78
3359,1736.22
3360,1408.18
3361,1368.97
3362,1247.42
3363,1223.53
3364,1324.14
3365,1472.27
3366,2080.93
3367,1515.01
3368,1676.21
3369,1727.54
3370,1666.44
3371,1619.26
3372,1364.33
3373,1969.32
3374,2051.16
3375,1254.34
3376,1405.26
3377,1575.73
3378,1419.75
3379,1756.14
3380,1474.62
3381,2136.06
3382,1913.88
3383,1690.91
3384,1877.42
3385,1895.9
3386,1514.86
3387,1457.68
3388,1662.45
3389,1841.89
3390,1677.27
3391,1285.68
3392,1462.99
3393,1629.95
3394,1630.01
3395,2098.38
3396,1331.57
3397,1764.15
3398,1989.29
3399,2168.47
3400,1557.61
3401,1762.72
3402,1781.06
3403,1696.01
3404,1629.22
3405,1751.85
3406,1074.2
3407,1808.97
3408,1682.43
3409,1603.22
3410,2122.11
3411,1500.76
3412,1563.32
3413,2110.83
3414,1466.21
3415,1531.07
3416,1623.61
3417,1849.72
3418,1705.57
3419,1363.25
3420,1537.42
3421,1520.7
3422,1642.26
3423,1757.64
3424,1756.34
3425,1255.51
3426,1904.76
3427,1719.85
3428,1978.9
3429,1764.53
3430,1915.1
3431,1770.53
3432,1971.95
3433,1784.16
3434,1642.93
3435,2184.89
3436,1869.3
3437,1797.72
3438,1375.52
3439,1373.23
3440,1734.87
3441,1701.69
3442,1528.6
3443,1701.56
3444,2032.73
3445,1829.12
3446,1410.03
3447,1645.68
3448,1487.7
3449,1583.48
3450,1578.01
3451,1563.83
3452,1386.66
3453,1644.69
3454,1546.23
3455,1005.51
3456,2144.21
3457,1924.38
3458,1590.13
3459,1680.85
3460,1409.33
3461,2064.84
3462,2111.34
3463,1714.15
3464,1912.63
3465,1719.29
3466,1374.32
3467,1586.07
3468,1710.74
3469,1577.21
3470,1631.55
3471,1661.07
3472,1663.92
3473,1694.79
3474,1441.0
3475,1519.95
3476,1390.73
3477,1908.03
3478,1204.06
3479,1949.09
3480,2002.72
3481,1617.42
3482,1092.21
3483,1604.81
3484,1673.14
3485,1457.38
3486,1571.0
3487,2038.73
3488,1841.5
3489,1478.83
3490,1325.52
3491,1616.24
3492,1642.64
3493,1805.21
3494,1570.01
3495,1809.6
3496,2135.29
3497,1879.95
3498,1683.11
3499,1652.71
3500,1613.52
3501,1965.17
3502,1552.59
3503,1706.68
3504,1708.5
3505,1582.62
3506,1384.16
3507,1771.93
3508,1684.66
3509,1813.33
3510,1577.6
3511,1978.85
3512,1500.1
3513,2091.97
3514,1302.05
3515,1801.07
3516,1810.81
3517,1520.9
3518,1800.05
3519,1995.86
3520,1197.56
3521,1819.3
3522,1135.31
3523,1484.74
3524,2077.99
3525,1573.34
3526,1438.52
3527,1661.93
3528,2180.02
3529,1289.6
3530,1468.33
3531,2051.04
3532,2133.8
3533,1686.22
3534,1427.23
3535,2189.55
3536,2075.45
3537,1866.76
3538,1526.5
3539,1701.35
3540,1676.37
3541,1789.03
3542,2045.39
3543,1915.26
3544,1468.67
3545,2029.71
3546,1787.24
3547,1873.11
3548,2051.64
3549,1463.11
3550,1709.32
3551,1596.54
3552,1360.22
3553,1798.06
3554,2293.07
3555,1299.38
3556,1712.83
3557,1866.98
3558,1749.22
3559,1695.71
3560,1425.19
3561,1775.63
3562,1550.02
3563,1223.06
3564,1996.71
3565,1943.2
3566,1736.5
3567,1777.48
3568,1971.03
3569,1777.3
3570,1933.03
3571,1658.99
3572,2027.13
3573,1801.13
3574,1772.63
3575,1438.6
3576,1794.76
3577,1539.59
3578,1584.28
3579,1544.28
3580,1487.42
3581,2216.86
3582,2036.05
3583,2171.06
3584,1453.43
3585,1749.53
3586,1438.19
3587,1575.22
3588,1524.85
3589,2018.24
3590,1644.98
3591,1980.02
3592,1874.41
3593,2263.12
3594,1399.32
3595,2025.43
3596,2000.11
3597,1516.28
3598,1969.18
3599,1816.34
3600,1688.03
3601,1552.22
3602,1576.62
3603,2209.64
3604,1741.96
3605,1920.93
3606,1562.02
3607,1564.99
3608,1990.78
3609,1435.74
3610,1649.64
3611,1752.72
3612,1770.84
3613,1704.94
3614,1836.73
3615,1905.03
3616,1915.03
3617,1522.44
3618,1683.18
3619,2021.5
3620,1953.38
3621,1435.82
3622,1830.2
3623,1298.42
3624,1761.52
3625,2184.8
3626,1535.15
3627,1561.55
3628,1927.14
3629,1400.59
3630,1608.95
3631,1890.21
3632,1609.5
3633,1700.94
3634,1925.31
3635,1852.05
3636,1817.16
3637,1679.18
3638,1841.64
3639,1729.28
3640,1862.59
3641,1644.92
3642,1717.19
3643,1533.19
3644,1751.8
3645,1574.97
3646,1506.19
3647,1820.24
3648,1810.2
3649,1940.9
3650,1664.01
3651,1856.17
3652,1889.23
3653,1865.46
3654,1575.68
3655,1798.87
3656,1848.39
3657,1767.29
3658,1289.44
3659,1803.21
3660,2272.46
3661,1685.2
3662,1601.57
3663,1853.64
3664,1840.16
3665,2041.73
3666,1482.34
3667,1937.24
3668,1905.48
3669,1738.58
3670,1848.87
3671,2007.13
3672,1971.68
3673,1511.72
3674,1960.67
3675,1758.97
3676,1790.85
3677,1791.37
3678,1740.78
3679,2047.8
3680,1756.87
3681,1520.69
3682,1687.0
3683,1818.17
3684,2058.62
3685,1916.03
3686,1584.39
3687,2346.9
3688,1840.09
3689,2071.42
3690,1745.84
3691,1902.8
3692,1973.18
3693,2060.15
3694,2023.86
3695,1982.01
3696,1711.22
3697,1653.03
3698,1860.09
3699,1997.73
3700,1734.12
3701,2028.79
3702,2117.75
3703,1577.01
3704,1595.6
3705,1755.18
3706,1857.98
3707,1668.31
3708,2097.51
3709,1885.93
3710,1798.51
3711,1461.91
3712,1489.8
3713,1855.05
3714,1304.1
3715,2023.09
3716,1756.07
3717,2533.54
3718,2320.35
3719,1752.1
3720,1769.71
3721,2021.89
3722,2183.99
3723,1421.14
3724,1387.7
3725,1654.14
3726,1929.83
3727,1910.66
3728,2041.99
3729,1523.98
3730,1269.37
3731,1994.97
3732,1610.2
3733,1338.72
3734,1833.44
3735,1981.95
3736,1773.32
3737,1697.05
3738,1765.69
3739,1717.89
3740,1495.03
3741,1640.18
3742,1922.99
3743,1877.84
3744,1843.19
3745,1577.91
3746,1764.24
3747,1308.79
3748,1847.37
3749,2133.48
3750,1470.73
3751,1674.09
3752,1883.59
3753,2095.07
3754,1706.9
3755,1651.6
3756,1360.39
3757,1834.28
3758,2277.62
3759,1874.91
3760,1806.91
3761,1886.03
3762,1810.37
3763,1627.61
3764,2001.88
3765,1865.83
3766,1818.72
3767,1592.32
3768,2113.39
3769,1967.9
3770,1690.18
3771,2045.82
3772,1703.73
3773,1639.2
3774,1644.74
3775,1414.14
3776,1926.93
3777,1401.32
3778,1539.46
3779,1346.38
3780,1801.34
3781,1787.11
3782,1747.27
3783,1584.17
3784,1555.0
3785,1929.34
3786,1697.92
3787,1896.42
3788,1622.36
3789,1866.41
3790,2123.24
3791,1959.86
3792,1732.18
3793,1885.61
3794,1772.32
3795,1829.55
3796,1753.81
3797,1791.11
3798,1877.55
3799,1602.61
3800,1597.92
3801,1513.23
3802,1465.31
3803,1553.26
3804,1868.23
3805,1628.29
3806,1950.04
3807,1841.08
3808,1383.89
3809,1983.68
3810,2019.73
3811,1607.9
3812,1931.39
3813,1640.18
3814,1858.61
3815,1547.87
3816,1427.56
3817,1750.19
3818,1809.83
3819,1747.7
3820,1568.5
3821,1748.09
3822,1901.42
3823,1830.09
3824,1882.49
3825,1688.16
3826,2109.38
3827,1573.45
3828,1953.98
3829,2113.06
3830,1953.36
3831,1797.68
3832,1723.71
3833,2081.55
3834,1520.22
3835,1624.12
3836,1755.38
3837,2129.4
3838,1933.86
3839,1626.4
3840,1777.11
3841,1708.11
3842,1686.75
3843,2072.98
3844,1536.42
3845,2217.78
3846,2039.91
3847,2100.36
3848,1745.84
3849,1817.8
3850,1525.09
3851,1733.09
3852,1966.18
3853,2149.94
3854,1601.37
3855,1771.25
3856,1820.64
3857,1536.78
3858,1991.2
3859,1691.15
3860,1812.36
3861,1754.2
3862,1677.57
3863,1856.74
3864,1809.54
3865,1774.3
3866,1693.28
3867,1933.15
3868,2238.37
3869,1893.01
3870,2089.07
3871,1544.35
3872,1898.44
3873,1612.15
3874,1525.89
3875,1694.84
3876,2136.49
3877,2081.68
3878,1920.62
3879,1515.4
3880,1821.16
3881,1935.37
3882,1907.0
3883,1446.13
3884,1664.4
3885,1853.61
3886,1991.22
3887,1367.44
3888,1832.56
3889,1902.73
3890,2064.6
3891,2029.24
3892,2004.49
3893,1689.1
3894,1436.41
3895,1782.96
3896,2102.03
3897,2191.99
3898,2036.43
3899,1972.63
3900,1961.73
3901,1748.4
3902,1846.19
3903,2257.65
3904,1661.47
3905,2246.15
3906,1804.13
3907,2180.95
3908,1557.21
3909,2012.9
3910,1711.18
3911,1556.63
3912,1930.32
3913,2111.47
3914,1688.27
3915,1539.3
3916,1861.22
3917,1862.68
3918,2008.37
3919,2100.49
3920,1870.43
3921,2308.35
3922,1936.13
3923,1806.21
3924,1517.63
3925,1826.24
3926,1809.85
3927,2106.53
3928,1993.26
3929,1618.62
3930,1927.85
3931,2042.36
3932,2238.48
3933,2092.6
3934,2064.12
3935,1904.48
3936,1979.91
3937,2177.1
3938,1587.62
3939,1812.72
3940,1716.5
3941,1980.07
3942,2174.95
3943,1757.97
3944,1348.73
3945,1801.08
3946,2104.39
3947,2018.97
3948,1994.42
3949,1833.08
3950,1605.3
3951,2015.67
3952,1707.81
3953,2397.81
3954,2029.63
3955,1767.1
3956,1760.53
3957,1879.42
3958,1846.39
3959,2156.69
3960,1944.59
3961,1735.31
3962,2334.78
3963,1914.61
3964,2079.44
3965,1765.3
3966,1987.65
3967,1976.22
3968,1473.9
3969,2366.45
3970,2201.35
3971,1816.21
3972,1655.58
3973,1987.25
3974,1928.11
3975,1990.0
3976,1952.97
3977,2025.3
3978,2240.74
3979,2040.33
3980,1671.2
3981,2222.73
3982,2286.7
3983,2632.45
3984,1656.13
3985,1968.74
3986,1438.04
3987,2040.52
3988,1789.36
3989,2354.47
3990,1738.54
3991,1530.05
3992,1808.74
3993,1465.54
3994,2088.89
3995,1445.98
3996,1924.7
3997,1443.97
3998,1845.93
3999,2294.98
4000,2002.39
4001,1723.18
4002,1913.77
4003,1925.47
4004,2029.77
4005,1609.99
4006,2058.07
4007,1305.32
4008,1779.7
4009,1812.5
4010,2069.19
4011,1930.12
4012,1604.3
4013,1700.83
4014,1971.69
4015,1908.69
4016,1794.9
4017,1817.8
4018,2087.14
4019,1810.28
4020,1908.88
4021,2425.18
4022,1604.66
4023,1507.29
4024,2109.81
4025,1776.21
4026,1859.0
4027,1753.69
4028,1873.25
4029,2298.24
4030,2116.75
4031,2130.93
4032,1610.86
4033,1671.87
4034,1286.7
4035,1750.84
4036,2154.76
4037,2054.75
4038,1886.49
4039,1932.46
4040,1780.62
4041,1985.23
4042,2113.87
4043,1570.2
4044,2008.26
4045,2153.27
4046,1845.87
4047,2101.23
4048,2584.62
4049,1918.21
4050,2032.35
4051,1774.34
4052,1984.81
4053,2049.0
4054,1988.81
4055,1711.8
4056,1992.34
4057,2279.69
4058,2048.59
4059,2166.32
4060,1892.85
4061,2118.77
4062,2011.7
4063,1731.11
4064,2021.57
4065,1722.69
4066,1805.12
4067,1993.4
4068,2018.51
4069,1679.37
4070,2192.29
4071,2082.63
4072,1791.4
4073,1601.58
4074,1920.2
4075,1851.87
4076,1980.05
4077,1871.69
4078,1496.49
4079,1866.83
4080,1886.18
4081,2101.21
4082,1797.39
4083,2340.85
4084,1521.08
4085,2257.79
4086,1907.45
4087,2155.52
4088,1977.83
4089,2220.38
4090,1872.01
4091,1709.97
4092,2285.92
4093,1935.93
4094,2012.92
4095,2244.83
4096,1727.45
4097,2099.69
4098,1829.34
4099,1934.36
4100,1981.51
4101,1622.72
4102,1787.97
4103,2275.01
4104,2169.25
4105,1952.94
4106,2023.24
4107,1900.93
4108,2278.52
4109,1923.28
4110,2022.46
4111,2231.76
4112,1792.81
4113,2326.96
4114,1621.66
4115,2344.05
4116,1887.06
4117,1917.2
4118,1541.32
4119,1869.65
4120,1736.45
4121,1835.63
4122,1943.53
4123,2194.16
4124,2023.23
4125,2046.54
4126,1726.43
4127,1775.94
4128,2388.52
4129,1810.09
4130,2356.87
4131,1923.42
4132,1979.92
4133,2224.38
4134,2270.87
4135,1955.43
4136,1892.5
4137,1968.87
4138,2059.31
4139,2186.17
4140,1983.97
4141,2124.84
4142,2358.19
4143,2071.46
4144,2056.0
4145,1638.25
4146,1384.7
4147,2074.88
4148,1964.94
4149,1869.45
4150,2043.14
4151,1974.15
4152,2246.04
4153,2008.52
4154,1818.66
4155,2215.96
4156,1940.6
4157,2110.94
4158,1882.03
4159,1843.1
4160,2011.23
4161,1995.38
4162,2102.52
4163,1931.98
4164,1574.28
4165,1895.38
4166,2176.05
4167,1927.21
4168,1939.31
4169,2221.39
4170,1833.85
4171,1644.49
4172,1960.7
4173,1887.24
4174,1777.56
4175,1958.68
4176,2111.49
4177,1997.53
4178,2070.23
4179,2414.83
4180,1922.67
4181,2065.04
4182,1885.57
4183,1809.0
4184,1869.18
4185,1893.88
4186,2085.82
4187,2540.8
4188,1841.02
4189,1909.87
4190,1991.08
4191,2096.37
4192,2066.61
4193,2300.21
4194,1452.98
4195,1462.45
4196,1894.92
4197,2259.33
4198,1651.42
4199,1322.45
4200,2140.49
4201,2066.11
4202,1761.84
4203,1786.2
4204,1790.26
4205,2037.5
4206,1869.62
4207,2126.02
4208,1361.45
4209,1818.3
4210,1757.25
4211,1956.39
4212,1892.48
4213,2198.12
4214,1591.53
4215,2027.14
4216,2144.75
4217,2441.81
4218,1908.04
4219,2092.67
4220,1606.9
4221,1473.0
4222,2212.89
4223,2019.08
4224,2290.03
4225,1707.49
4226,2140.47
4227,2449.09
4228,2118.48
4229,2086.24
4230,2025.45
4231,1665.08
4232,2334.08
4233,1885.3
4234,2140.55
4235,1668.67
4236,1756.75
4237,2354.5
4238,1947.76
4239,2359.55
4240,2010.13
4241,1607.66
4242,2232.7
4243,1894.59
4244,2189.42
4245,2036.01
4246,1678.17
4247,2068.68
4248,2533.33
4249,2144.67
4250,2019.36
4251,2278.62
4252,2081.53
4253,2081.72
4254,1784.92
4255,2088.17
4256,2271.75
4257,1844.65
4258,2361.53
4259,2015.6
4260,1834.19
4261,2265.36
4262,1972.38
4263,2211.86
4264,1972.15
4265,2025.58
4266,2152.46
4267,2106.61
4268,1584.72
4269,1784.9
4270,2253.83
4271,2011.76
4272,1922.75
4273,1732.48
4274,1796.63
4275,1581.86
4276,2021.06
4277,1907.94
4278,1824.28
4279,2029.99
4280,2129.15
4281,2524.65
4282,1701.51
4283,2312.21
4284,2270.11
4285,1870.26
4286,2095.13
4287,1944.6
4288,2092.02
4289,2394.82
4290,2188.85
4291,2167.14
4292,1953.09
4293,1712.81
4294,2004.67
4295,2328.4
4296,1704.31
4297,1812.61
4298,2082.95
4299,1829.6
4300,1873.95
4301,1958.68
4302,1743.92
4303,1833.81
4304,2217.5
4305,1758.58
4306,1692.66
4307,1914.22
4308,2225.82
4309,2014.06
4310,1953.37
4311,2070.08
4312,1661.59
4313,2173.87
4314,2148.9
4315,1968.24
4316,2292.01
4317,1805.07
4318,2320.77
4319,2098.84
4320,1987.11
4321,2059.91
4322,2040.4
4323,2344.13
4324,1819.83
4325,1892.05
4326,2303.45
4327,1931.1
4328,2273.33
4329,2456.29
4330,1976.71
4331,2224.61
4332,1805.84
4333,2242.27
4334,2115.86
4335,2178.82
4336,1923.72
4337,1692.17
4338,2187.07
4339,1601.16
4340,2000.5
4341,2288.47
4342,2117.74
4343,2519.45
4344,2308.99
4345,1925.87
4346,2081.94
4347,2065.33
4348,1715.15
4349,1862.21
4350,1949.39
4351,1612.77
4352,2089.25
4353,2021.95
4354,1697.12
4355,2172.09
4356,2243.74
4357,2132.52
4358,2007.07
4359,2216.67
4360,2237.4
4361,2152.68
4362,1894.51
4363,2146.54
4364,2356.91
4365,1947.95
4366,2563.98
4367,1965.07
4368,2093.0
4369,1932.42
4370,2137.51
4371,1688.93
4372,1962.66
4373,1838.35
4374,2119.22
4375,2315.93
4376,2236.78
4377,1547.84
4378,2556.62
4379,2158.01
4380,1913.61
4381,2127.35
4382,2132.15
4383,1940.01
4384,2138.01
4385,1954.47
4386,2001.32
4387,1937.37
4388,1767.3
4389,2128.37
4390,2229.21
4391,2213.58
4392,2283.71
4393,2170.95
4394,1975.6
4395,2289.57
4396,1788.07
4397,1892.89
4398,1878.83
4399,2346.29
4400,2315.38
4401,2211.78
4402,2345.79
4403,1900.48
4404,2181.44
4405,2073.65
4406,2296.17
4407,2076.83
4408,2015.66
4409,2227.62
4410,2304.66
4411,1952.26
4412,2091.45
4413,1864.05
4414,1535.61
4415,2152.55
4416,2246.31
4417,2167.52
4418,1662.72
4419,2028.4
4420,1602.21
4421,2422.36
4422,1861.79
4423,2397.15
4424,2326.89
4425,1905.51
4426,1852.91
4427,2192.19
4428,1919.71
4429,2136.46
4430,2003.2
4431,1707.04
4432,1604.84
4433,2166.64
4434,1987.01
4435,1989.4
4436,2275.17
4437,2384.73
4438,2054.84
4439,2039.74
4440,2232.26
4441,1808.45
4442,2169.88
4443,2245.43
4444,2275.2
4445,1677.79
4446,1946.77
4447,1920.51
4448,2144.42
4449,2231.88
4450,2464.43
4451,2009.87
4452,2009.73
4453,2386.5
4454,2192.05
4455,2414.35
4456,2191.16
4457,1861.3
4458,1821.54
4459,1772.1
4460,2278.25
4461,2398.99
4462,2550.39
4463,2320.96
4464,2394.45
4465,1996.74
4466,1865.51
4467,2324.35
4468,2226.02
4469,2155.6
4470,2220.0
4471,2205.78
4472,2425.69
4473,2428.69
4474,2257.63
4475,2326.98
4476,2251.64
4477,2029.29
4478,2307.94
4479,1816.97
4480,2376.76
4481,1863.56
4482,2202.19
4483,1944.27
4484,2264.22
4485,2130.5
4486,1774.37
4487,2235.26
4488,2007.57
4489,2341.35
4490,2140.8
4491,2231.29
4492,1922.64
4493,2007.22
4494,2037.52
4495,2338.47
4496,2526.4
4497,1959.71
4498,2390.11
4499,1648.88
4500,1872.18
4501,1926.41
4502,1836.92
4503,1784.57
4504,2241.15
4505,2098.35
4506,2234.38
4507,2305.89
4508,2209.28
4509,2299.32
4510,2133.62
4511,1878.78
4512,2392.06
4513,2016.27
4514,1937.56
4515,2111.1
4516,1943.67
4517,2057.29
4518,2231.7
4519,2233.13
4520,1948.89
4521,2043.03
4522,2400.33
4523,2268.75
4524,2629.85
4525,2425.85
4526,2418.12
4527,1840.09
4528,2332.11
4529,2145.92
4530,2032.63
4531,2197.33
4532,2375.34
4533,2274.27
4534,1959.61
4535,2330.37
4536,2015.54
4537,2211.15
4538,2092.8
4539,2112.55
4540,2338.05
4541,1925.81
4542,2608.29
4543,1748.32
4544,2028.26
4545,2249.83
4546,2299.19
4547,2143.2
4548,2153.49
4549,2260.84
4550,2114.71
4551,2486.23
4552,2360.15
4553,2368.25
4554,1948.58
4555,2151.61
4556,2101.56
4557,1940.92
4558,2253.38
4559,2048.72
4560,2321.73
4561,1927.96
4562,2565.62
4563,1968.58
4564,2223.9
4565,2355.15
4566,2044.34
4567,2369.9
4568,1894.79
4569,2507.79
4570,2179.73
4571,2040.7
4572,2109.05
4573,2362.65
4574,2044.78
4575,2007.56
4576,2128.59
4577,1910.77
4578,2596.01
4579,2051.16
4580,2370.99
4581,2229.3
4582,1956.98
4583,2180.99
4584,2361.91
4585,2140.24
4586,2456.27
4587,2417.52
4588,2394.53
4589,2080.04
4590,1938.81
4591,2045.77
4592,2231.23
4593,2311.54
4594,1691.2
4595,2185.9
4596,2224.32
4597,2125.24
4598,2484.1
4599,2285.91
4600,2489.32
4601,2141.11
4602,2405.07
4603,2564.89
4604,2491.46
4605,1942.75
4606,2134.75
4607,2114.3
4608,2305.37
4609,2350.85
4610,2002.85
4611,2210.45
4612,1733.94
4613,2525.27
4614,2079.25
4615,2209.51
4616,2126.46
4617,2459.46
4618,1549.86
4619,2194.76
4620,2174.83
4621,2095.82
4622,2594.26
4623,1997.64
4624,2377.12
4625,2282.64
4626,2489.9
4627,2049.73
4628,2035.15
4629,2453.45
4630,2300.67
4631,1851.0
4632,2081.19
4633,2293.12
4634,2396.69
4635,2050.58
4636,1540.43
4637,2326.18
4638,1928.31
4639,1746.68
4640,1560.95
4641,2394.41
4642,2238.28
4643,2157.8
4644,2527.13
4645,2355.85
4646,2579.95
4647,1892.98
4648,2203.71
4649,1842.71
4650,2160.1
4651,2156.15
4652,2356.55
4653,2224.26
4654,2356.72
4655,2375.45
4656,2707.5
4657,2143.62
4658,2001.12
4659,2272.77
4660,2033.72
4661,2556.01
4662,2153.2
4663,2089.14
4664,2111.13
4665,2383.37
4666,2183.66
4667,2073.56
4668,2601.05
4669,2025.46
4670,2229.63
4671,2370.97
4672,1849.72
4673,2332.57
4674,1982.26
4675,2411.72
4676,2004.28
4677,2382.92
4678,2477.73
4679,2422.35
4680,2283.41
4681,2173.61
4682,2095.22
4683,2563.41
4684,2068.0
4685,1991.33
4686,2380.71
4687,2047.27
4688,2012.56
4689,1900.25
4690,2120.18
4691,2212.05
4692,2286.94
4693,2449.18
4694,2352.67
4695,2189.14
4696,2187.92
4697,2350.2
4698,2524.82
4699,2263.41
4700,2127.83
4701,2008.63
4702,1905.74
4703,2388.56
4704,2368.84
4705,2369.15
4706,2208.31
4707,2559.57
4708,2128.0
4709,2457.28
4710,2230.65
4711,2100.97
4712,2375.77
4713,2334.43
4714,2322.85
4715,2260.32
4716,2233.54
4717,2788.28
4718,2513.65
4719,2408.68
4720,2269.54
4721,2474.54
4722,2363.24
4723,2251.34
4724,2176.45
4725,2227.76
4726,1522.41
4727,2295.26
4728,2136.01
4729,2611.9
4730,2252.92
4731,1977.33
4732,2238.0
4733,2010.86
4734,2358.45
4735,2317.22
4736,2470.02
4737,2070.97
4738,2259.87
4739,1940.71
4740,2413.26
4741,2371.99
4742,2367.17
4743,2254.72
4744,2349.56
4745,2621.77
4746,2190.57
4747,2287.82
4748,2008.47
4749,2058.69
4750,2279.85
4751,2510.15
4752,2199.85
4753,2204.95
4754,2166.35
4755,2137.58
4756,2327.59
4757,1918.6
4758,2553.73
4759,2109.53
4760,2426.92
4761,1972.32
4762,2415.7
4763,2416.86
4764,2351.57
4765,2037.07
4766,2321.71
4767,1994.88
4768,2207.86
4769,2501.22
4770,2448.51
4771,2270.42
4772,2044.7
4773,2415.34
4774,2272.73
4775,1738.67
4776,2447.99
4777,2264.11
4778,2544.8
4779,2020.33
4780,1545.27
4781,2335.21
4782,2338.51
4783,1886.11
4784,2049.26
4785,2902.69
4786,2203.88
4787,2441.14
4788,2125.95
4789,1797.51
4790,2236.6
4791,2215.27
4792,2185.05
4793,2250.66
4794,2337.67
4795,2243.46
4796,1989.43
4797,2389.72
4798,1833.76
4799,1811.14
4800,2448.87
4801,2396.28
4802,2267.79
4803,1962.56
4804,2120.08
4805,2222.22
4806,1918.11
4807,2114.32
4808,2432.63
4809,2610.12
4810,2188.68
4811,2457.77
4812,1848.13
4813,2436.5
4814,2102.64
4815,2356.96
4816,2230.6
4817,2589.3
4818,2088.33
4819,2431.93
4820,2225.15
4821,2253.28
4822,2247.9
4823,2097.15
4824,2287.58
4825,2276.94
4826,2346.81
4827,2311.46
4828,2474.9
4829,2504.03
4830,2053.48
4831,2492.42
4832,2023.38
4833,2429.15
4834,2436.88
4835,1859.1
4836,2317.44
4837,2189.62
4838,2123.76
4839,2606.16
4840,2148.67
4841,2114.23
4842,2316.19
4843,2455.97
4844,2267.44
4845,2566.71
4846,2422.0
4847,1803.53
4848,2180.64
4849,2173.7
4850,2412.01
4851,1703.3
4852,2885.73
4853,2425.16
4854,2338.31
4855,2574.68
4856,2840.61
4857,2504.57
4858,2522.86
4859,2336.41
4860,2274.67
4861,2198.75
4862,2119.17
4863,2151.4
4864,2000.26
4865,2291.92
4866,1924.83
4867,2353.77
4868,2302.3
4869,2344.62
4870,2192.22
4871,3014.87
4872,2623.12
4873,2028.53
4874,2366.5
4875,2174.85
4876,2082.44
4877,2008.51
4878,2413.84
4879,2159.89
4880,2537.1
4881,2543.48
4882,2630.77
4883,2122.62
4884,2426.4
4885,2462.74
4886,2210.37
4887,2142.84
4888,2687.3
4889,2372.02
4890,2465.79
4891,2133.14
4892,2042.85
4893,2191.76
4894,2293.97
4895,2079.63
4896,2320.95
4897,1937.91
4898,2068.22
4899,2477.82
4900,2462.94
4901,2235.92
4902,2093.39
4903,2091.64
4904,2241.53
4905,2474.49
4906,2539.76
4907,2214.72
4908,2065.08
4909,2390.24
4910,2141.36
4911,2211.55
4912,2633.16
4913,2519.81
4914,2367.39
4915,2041.18
4916,2380.49
4917,2575.42
4918,2247.29
4919,2642.22
4920,2629.33
4921,2714.53
4922,2404.63
4923,2469.54
4924,2658.88
4925,2438.46
4926,2222.19
4927,2234.68
4928,2392.1
4929,2043.22
4930,2305.77
4931,2589.46
4932,1838.8
4933,2690.41
4934,2596.71
4935,2235.72
4936,2465.34
4937,2342.37
4938,2623.09
4939,2567.05
4940,2023.15
4941,2477.61
4942,2296.92
4943,2363.27
4944,2178.45
4945,2744.62
4946,2583.31
4947,2177.15
4948,2041.7
4949,2258.94
4950,2446.76
4951,2402.83
4952,2634.68
4953,2529.31
4954,2570.8
4955,2424.42
4956,2032.81
4957,2305.94
4958,2593.28
4959,2339.78
4960,2466.93
4961,2279.63
4962,2117.64
4963,2325.17
4964,2424.4
4965,2204.46
4966,2300.85
4967,2140.53
4968,2611.29
4969,2288.78
4970,2688.39
4971,2706.2
4972,2338.88
4973,2127.47
4974,1881.77
4975,2022.46
4976,2045.34
4977,2674.57
4978,2386.56
4979,2449.56
4980,1853.74
4981,2087.77
4982,2564.56
4983,2427.86
4984,2329.17
4985,2492.29
4986,2737.4
4987,2313.65
4988,2380.45
4989,2409.05
4990,2911.98
4991,1886.35
4992,2522.48
4993,2340.62
4994,2496.78
4995,2217.57
4996,2357.01
4997,2531.17
4998,3080.25
4999,2554.15
5000,2176.26
5001,2273.64
5002,2267.32
5003,1961.13
5004,2296.39
5005,2539.67
5006,2081.6
5007,2612.68
5008,2485.03
5009,2206.31
5010,2342.17
5011,2740.09
5012,2542.98
5013,2377.86
5014,2322.0
5015,2394.25
5016,2260.29
5017,1896.81
5018,2844.64
5019,2414.03
5020,2469.96
5021,2366.22
5022,2211.96
5023,2337.88
5024,2015.41
5025,2901.46
5026,2099.67
5027,2146.39
5028,2282.02
5029,2677.31
5030,2386.81
5031,2101.55
5032,2670.96
5033,2551.85
5034,2508.31
5035,2549.26
5036,2933.2
5037,2885.84
5038,2230.22
5039,2758.53
5040,2475.54
5041,2502.47
5042,2002.3
5043,2350.42
5044,2204.11
5045,2579.42
5046,2635.39
5047,1917.23
5048,2386.57
5049,2648.34
5050,2349.85
5051,2559.51
5052,2473.62
5053,2471.9
5054,2332.32
5055,2116.82
5056,2138.98
5057,2557.7
5058,2400.55
5059,2364.91
5060,2300.16
5061,2327.73
5062,2637.07
5063,2321.76
5064,2092.43
5065,2569.14
5066,2352.9
5067,2407.32
5068,2767.86
5069,2396.35
5070,2467.56
5071,2132.62
5072,2352.22
5073,2542.1
5074,2047.97
5075,2449.63
5076,2427.23
5077,2414.08
5078,2642.04
5079,2481.95
5080,2743.67
5081,2179.46
5082,2437.95
5083,2426.65
5084,2163.53
5085,2626.72
5086,2939.78
5087,2405.26
5088,2524.97
5089,2429.36
5090,2247.48
5091,1994.99
5092,2250.16
5093,2093.85
5094,2801.61
5095,2386.45
5096,2334.17
5097,2616.78
5098,2157.83
5099,2239.36
5100,2430.55
5101,2650.48
5102,2530.51
5103,2473.08
5104,2434.65
5105,2508.69
5106,2463.77
5107,2182.85
5108,2429.13
5109,2173.76
5110,2438.02
5111,2310.14
5112,3000.53
5113,2411.74
5114,2100.5
5115,2391.1
5116,2540.85
5117,2804.93
5118,2288.44
5119,2062.04
5120,2610.61
5121,2109.05
5122,2325.26
5123,2366.5
5124,2409.89
5125,2583.69
5126,2270.52
5127,2364.62
5128,2424.34
5129,2462.23
5130,2450.85
5131,2528.56
5132,2622.18
5133,2519.55
5134,2533.92
5135,2069.29
5136,2442.67
5137,2541.19
5138,2598.63
5139,2274.38
5140,2282.44
5141,2302.3
5142,2556.45
5143,2670.54
5144,2341.71
5145,2642.68
5146,2463.91
5147,2407.76
5148,2388.31
5149,2607.62
5150,2511.88
5151,2957.87
5152,2243.71
5153,2557.21
5154,2318.4
5155,2241.16
5156,2437.72
5157,2472.03
5158,3107.77
5159,2399.48
5160,2183.81
5161,2504.82
5162,1968.94
5163,2422.34
5164,2447.46
5165,2625.78
5166,2667.13
5167,2330.11
5168,2411.19
5169,2271.03
5170,2188.79
5171,2517.75
5172,2156.45
5173,2353.13
5174,2220.95
5175,2574.33
5176,2860.74
5177,2152.3
5178,2026.77
5179,2422.02
5180,2454.59
5181,2501.4
5182,2349.94
5183,2406.51
5184,2536.76
5185,2690.94
5186,2007.06
5187,2369.86
5188,2503.45
5189,2245.34
5190,2850.99
5191,2310.79
5192,2446.97
5193,2583.87
5194,2322.22
5195,2035.9
5196,2360.27
5197,2693.83
5198,2382.14
5199,2266.18
5200,2671.47
5201,2384.88
5202,2344.35
5203,2495.49
5204,2637.88
5205,3006.36
5206,2651.68
5207,2728.12
5208,2348.01
5209,2229.69
5210,2478.74
5211,2489.43
5212,2219.01
5213,2425.8
5214,2557.53
5215,2549.08
5216,2582.41
5217,2534.12
5218,2352.27
5219,2351.15
5220,2195.1
5221,2877.19
5222,2472.97
5223,2418.98
5224,2258.61
5225,3141.91
5226,2226.5
5227,2374.18
5228,2567.6
5229,2610.17
5230,2692.34
5231,2886.9
5232,2590.03
5233,2233.6
5234,2416.6
5235,2546.08
5236,2948.69
5237,2157.32
5238,2751.83
5239,2518.65
5240,2669.4
5241,2455.15
5242,2286.44
5243,2650.89
5244,2629.31
5245,2702.32
5246,2477.66
5247,2344.12
5248,2125.49
5249,2669.24
5250,2579.34
5251,2262.31
5252,2360.36
5253,2377.22
5254,2145.51
5255,2297.95
5256,2226.17
5257,2391.42
5258,2317.34
5259,2114.86
5260,2949.07
5261,2773.6
5262,2309.93
5263,2550.59
5264,2584.17
5265,2761.36
5266,2302.69
5267,2739.64
5268,2365.43
5269,2185.87
5270,2656.93
5271,2786.83
5272,3083.62
5273,2218.77
5274,2652.97
5275,2400.13
5276,2673.16
5277,2158.71
5278,2206.62
5279,2318.3
5280,2514.04
5281,2349.99
5282,2647.46
5283,2731.95
5284,2634.78
5285,2868.07
5286,2593.7
5287,2221.15
5288,2811.07
5289,2361.8
5290,2708.49
5291,2860.47
5292,2605.73
5293,2160.05
5294,2292.53
5295,2804.93
5296,2464.56
5297,2521.83
5298,2677.46
5299,2663.63
5300,2568.69
5301,2457.78
5302,2434.47
5303,2702.34
5304,2633.26
5305,2448.47
5306,2754.91
5307,2478.67
5308,2314.04
5309,2335.66
5310,2285.9
5311,2447.72
5312,2792.25
5313,2326.92
5314,2554.36
5315,2361.73
5316,2452.73
5317,2167.68
5318,2462.72
5319,2469.3
5320,2637.43
5321,2565.46
5322,2241.12
5323,2763.04
5324,2563.84
5325,2561.57
5326,2514.6
5327,2398.87
5328,2567.36
5329,2626.7
5330,2119.42
5331,2395.87
5332,2461.16
5333,2578.37
5334,2792.92
5335,2344.44
5336,2407.44
5337,2404.56
5338,2338.99
5339,2443.23
5340,2699.09
5341,2282.7
5342,2621.64
5343,2135.55
5344,2396.56
5345,2449.98
5346,2908.33
5347,2463.37
5348,2023.72
5349,2070.4
5350,2535.27
5351,2668.17
5352,2614.17
5353,2567.13
5354,2794.82
5355,2406.48
5356,2734.64
5357,2157.81
5358,2324.36
5359,2118.73
5360,2469.21
5361,2521.88
5362,2558.97
5363,2547.49
5364,2321.9
5365,2490.79
5366,2192.6
5367,2846.58
5368,2466.24
5369,2424.36
5370,2899.5
5371,2253.16
5372,2280.26
5373,2287.42
5374,2522.79
5375,2637.36
5376,2708.18
5377,3127.23
5378,2026.21
5379,2679.62
5380,2413.72
5381,2407.48
5382,2400.31
5383,2334.74
5384,2927.63
5385,2735.68
5386,2549.0
5387,2852.79
5388,2199.06
5389,2241.05
5390,2047.94
5391,2386.17
5392,2583.34
5393,2570.35
5394,2581.42
5395,2225.39
5396,2731.68
5397,2603.39
5398,2716.57
5399,2117.14
5400,2621.16
5401,2279.1
5402,2460.13
5403,2673.43
5404,2572.61
5405,2357.71
5406,2554.13
5407,2203.27
5408,2816.38
5409,2507.15
5410,2810.04
5411,2434.66
5412,2435.79
5413,2381.27
5414,2756.46
5415,2394.68
5416,2704.46
5417,2470.28
5418,2106.69
5419,2428.26
5420,2289.63
5421,2567.2
5422,2287.95
5423,2771.89
5424,2539.99
5425,2520.68
5426,2711.54
5427,2782.36
5428,2558.01
5429,2386.87
5430,2158.23
5431,2407.22
5432,2423.4
5433,2589.31
5434,2486.45
5435,2722.91
5436,2426.16
5437,2553.62
5438,2837.59
5439,2645.64
5440,2554.28
5441,2430.93
5442,2424.24
5443,2375.02
5444,2446.21
5445,2742.88
5446,2520.01
5447,2262.79
5448,2975.54
5449,2645.15
5450,2251.08
5451,2472.01
5452,2598.73
5453,2963.27
5454,2321.15
5455,2797.73
5456,2894.92
5457,2432.03
5458,2512.7
5459,2339.8
5460,2530.52
5461,2569.09
5462,2728.6
5463,2827.41
5464,2407.9
5465,2129.81
5466,2574.85
5467,2647.21
5468,2637.58
5469,2506.42
5470,2610.0
5471,2928.16
5472,2669.61
5473,2497.55
5474,2469.03
5475,2544.95
5476,2958.12
5477,2542.77
5478,2580.58
5479,2475.36
5480,2837.07
5481,3034.18
5482,2689.84
5483,2606.26
5484,2596.2
5485,2043.55
5486,2758.93
5487,2619.8
5488,2687.46
5489,2427.51
5490,2502.67
5491,2497.05
5492,2824.79
5493,2505.32
5494,3068.09
5495,2691.18
5496,2301.77
5497,2564.28
5498,2445.22
5499,2093.24
5500,2960.4
5501,2756.08
5502,2717.71
5503,2634.14
5504,2281.07
5505,2486.77
5506,2790.01
5507,2358.0
5508,2020.21
5509,2547.17
5510,2567.12
5511,2630.92
5512,2766.83
5513,2746.51
5514,2660.42
5515,2874.87
5516,2255.19
5517,2717.92
5518,2746.23
5519,2320.37
5520,2260.66
5521,2434.04
5522,2453.77
5523,2777.47
5524,2465.41
5525,2410.61
5526,2466.97
5527,2862.7
5528,2610.58
5529,2567.1
5530,2583.37
5531,2904.12
5532,2438.25
5533,2910.38
5534,2658.39
5535,2574.1
5536,3182.54
5537,2370.49
5538,2531.3
5539,2331.0
5540,2830.59
5541,2999.35
5542,2995.4
5543,2893.96
5544,2569.65
5545,2531.81
5546,2233.92
5547,3081.25
5548,2723.74
5549,2504.66
5550,2920.9
5551,2395.72
5552,2711.29
5553,2579.41
5554,2765.21
5555,2605.23
5556,2288.73
5557,2637.92
5558,2860.72
5559,2614.88
5560,2799.08
5561,2383.6
5562,2616.9
5563,2480.68
5564,2794.45
5565,2631.44
5566,2782.35
5567,2873.64
5568,2783.6
5569,2688.44
5570,2398.46
5571,2626.31
5572,2505.61
5573,2549.25
5574,2542.74
5575,2404.88
5576,2182.04
5577,2477.01
5578,2674.28
5579,2322.56
5580,2634.58
5581,3065.57
5582,2865.62
5583,3007.82
5584,2722.15
5585,2899.97
5586,2468.31
5587,2486.95
5588,2008.84
5589,2906.03
5590,2987.39
5591,2509.58
5592,2578.38
5593,2464.63
5594,2724.72
5595,2894.74
5596,2240.06
5597,2732.19
5598,2575.89
5599,2665.46
5600,2744.86
5601,2597.45
5602,2617.24
5603,2592.49
5604,2863.47
5605,2737.92
5606,2693.09
5607,2352.8
5608,2557.11
5609,2849.35
5610,2653.11
5611,2795.62
5612,3048.96
5613,2883.12
5614,2667.58
5615,2530.01
5616,2063.83
5617,2609.18
5618,2573.62
5619,2737.73
5620,2613.84
5621,2576.26
5622,2243.39
5623,2435.61
5624,2759.69
5625,3043.25
5626,2629.42
5627,2727.04
5628,2870.2
5629,2467.8
5630,2737.3
5631,2484.78
5632,2851.97
5633,2689.44
5634,2723.48
5635,2476.96
5636,2817.72
5637,3132.91
5638,2426.84
5639,2579.93
5640,2710.91
5641,2838.11
5642,2531.07
5643,2012.14
5644,2970.31
5645,2833.99
5646,2262.52
5647,2522.35
5648,3019.86
5649,2992.8
5650,2876.94
5651,2622.72
5652,2682.36
5653,2633.94
5654,2922.05
5655,2464.66
5656,2481.11
5657,2896.45
5658,2655.97
5659,2981.46
5660,2513.59
5661,2654.94
5662,2457.17
5663,2670.03
5664,2331.02
5665,2557.85
5666,2341.58
5667,2828.68
5668,2834.31
5669,2275.77
5670,2976.23
5671,3242.49
5672,2682.91
5673,2526.39
5674,3318.53
5675,2372.43
5676,2678.79
5677,2715.69
5678,2982.4
5679,2757.73
5680,2562.09
5681,2459.15
5682,2598.81
5683,2447.31
5684,2688.73
5685,2549.36
5686,2337.38
5687,2965.89
5688,2565.91
5689,2390.34
5690,2642.06
5691,2696.57
5692,2282.41
5693,2757.62
5694,2443.07
5695,3073.64
5696,2802.9
5697,2592.29
5698,2513.86
5699,2660.57
5700,2824.99
5701,2679.63
5702,2636.29
5703,2699.68
5704,2548.85
5705,2608.84
5706,2211.19
5707,2910.6
5708,2756.86
5709,2512.35
5710,3123.27
5711,2709.83
5712,2453.69
5713,2886.57
5714,2782.24
5715,2781.89
5716,2594.93
5717,2795.57
5718,2633.3
5719,2820.56
5720,2258.81
5721,2595.33
5722,3088.33
5723,2520.11
5724,2557.85
5725,2593.91
5726,2419.17
5727,2192.66
5728,2644.92
5729,2729.09
5730,2686.51
5731,2665.85
5732,2709.23
5733,2933.52
5734,2656.79
5735,2569.6
5736,2636.98
5737,2834.0
5738,3024.68
5739,2559.05
5740,2725.6
5741,2780.75
5742,2477.14
5743,2709.01
5744,2369.96
5745,2301.11
5746,2789.48
5747,2618.45
5748,2752.81
5749,2702.96
5750,2484.44
5751,2697.61
5752,2426.69
5753,3026.62
5754,2399.52
5755,2665.02
5756,2472.09
5757,2840.96
5758,2635.38
5759,2593.06
5760,2906.92
5761,2719.17
5762,2830.93
5763,2489.16
5764,2392.87
5765,2738.74
5766,2641.86
5767,2858.26
5768,2697.34
5769,2762.9
5770,2345.63
5771,3148.37
5772,2679.88
5773,2877.22
5774,2527.29
5775,2789.12
5776,2421.56
5777,2822.93
5778,2638.78
5779,2727.22
5780,2880.45
5781,2439.87
5782,2565.53
5783,2826.83
5784,3202.14
5785,2691.7
5786,2858.75
5787,2699.71
5788,3168.31
5789,2325.89
5790,2747.12
5791,2354.59
5792,2153.77
5793,2794.81
5794,2759.17
5795,2662.68
5796,2703.94
5797,3436.47
5798,2670.12
5799,2846.09
5800,2581.65
5801,2797.9
5802,2676.47
5803,2637.57
5804,3147.33
5805,3001.18
5806,2763.94
5807,2206.75
5808,2651.13
5809,3351.56
5810,2681.8
5811,2986.98
5812,3064.82
5813,2785.87
5814,2543.98
5815,2180.4
5816,2893.5
5817,2551.52
5818,2778.34
5819,2453.02
5820,2678.41
5821,2747.15
5822,2801.26
5823,2485.67
5824,3014.24
5825,2604.89
5826,2359.16
5827,2717.24
5828,2750.45
5829,2779.74
5830,3054.68
5831,2689.93
5832,2717.07
5833,2492.82
5834,2932.76
5835,2787.86
5836,2650.24
5837,2311.52
5838,3077.08
5839,2467.08
5840,2612.92
5841,2830.31
5842,2475.54
5843,2408.15
5844,2264.58
5845,2914.96
5846,2626.15
5847,3419.89
5848,2524.44
5849,2541.54
5850,2623.33
5851,2808.49
5852,2645.98
5853,2893.74
5854,2530.74
5855,2439.12
5856,2344.39
5857,2247.67
5858,2637.75
5859,2687.79
5860,2612.75
5861,3041.51
5862,3038.45
5863,2681.86
5864,2348.97
5865,2629.78
5866,2622.67
5867,2610.03
5868,2601.2
5869,2611.76
5870,2673.19
5871,2616.76
5872,2809.99
5873,2845.18
5874,2555.26
5875,3054.13
5876,2540.3
5877,2395.06
5878,2852.09
5879,2578.81
5880,2839.4
5881,2217.32
5882,3085.01
5883,2920.94
5884,2425.01
5885,2430.42
5886,3150.73
5887,2600.69
5888,2579.03
5889,2252.36
5890,2690.36
5891,2718.93
5892,2934.86
5893,2452.23
5894,2424.99
5895,2875.77
5896,3003.19
5897,2414.72
5898,3021.18
5899,2783.13
5900,3024.43
5901,2759.41
5902,2199.68
5903,2741.63
5904,3018.99
5905,2573.07
5906,2689.07
5907,2737.91
5908,2116.2
5909,3160.87
5910,2573.58
5911,2895.49
5912,2760.59
5913,3068.16
5914,2874.06
5915,2728.08
5916,2578.07
5917,2964.92
5918,2355.11
5919,2931.11
5920,2532.92
5921,3070.54
5922,2821.75
5923,2932.5
5924,2804.53
5925,2385.91
5926,2590.06
5927,2940.76
5928,2825.67
5929,3057.85
5930,2880.63
5931,2568.1
5932,2607.54
5933,2813.36
5934,2261.65
5935,3173.05
5936,2892.12
5937,3071.97
5938,2431.01
5939,3076.87
5940,3302.79
5941,2491.69
5942,2970.13
5943,2794.6
5944,2441.97
5945,2907.85
5946,2986.14
5947,2658.82
5948,3062.96
5949,2416.27
5950,2456.02
5951,2829.16
5952,2804.2
5953,2635.15
5954,2984.25
5955,2921.03
5956,2996.24
5957,2772.52
5958,2938.76
5959,2699.74
5960,3271.2
5961,2616.82
5962,3283.86
5963,2811.32
5964,2489.56
5965,3116.79
5966,2833.46
5967,2999.59
5968,3085.19
5969,2883.26
5970,2671.2
5971,3029.85
5972,2807.57
5973,2964.54
5974,2316.27
5975,2910.86
5976,2663.31
5977,3187.35
5978,2952.45
5979,2865.35
5980,2922.1
5981,2583.35
5982,3182.74
5983,3267.28
5984,2902.56
5985,3176.58
5986,2683.68
5987,2632.05
5988,2823.95
5989,2914.41
5990,2725.49
5991,2938.8
5992,2886.4
5993,2588.78
5994,2935.82
5995,3015.03
5996,2857.37
5997,3081.98
5998,2540.98
5999,2926.45
6000,2552.65
6001,2565.93
6002,2676.76
6003,2606.13
6004,2696.61
6005,2773.33
6006,3013.95
6007,2749.78
6008,2461.36
6009,3084.5
6010,2633.26
6011,2811.54
6012,2927.41
6013,2871.45
6014,3076.27
6015,2936.18
6016,2630.43
6017,3325.35
6018,2872.5
6019,2794.89
6020,3049.21
6021,2886.44
6022,2921.1
6023,3399.7
6024,2767.95
6025,2758.66
6026,2858.33
6027,3076.94
6028,2488.43
6029,2384.01
6030,2699.37
6031,2460.68
6032,2737.35
6033,2949.65
6034,2631.81
6035,2509.79
6036,2852.04
6037,3033.7
6038,2449.88
6039,3024.93
6040,3024.72
6041,3056.41
6042,3117.27
6043,3342.41
6044,2758.45
6045,2865.28
6046,2745.56
6047,2841.6
6048,3191.79
6049,2534.78
6050,2645.79
6051,3157.57
6052,3076.43
6053,2760.89
6054,3039.49
6055,2922.7
6056,3187.94
6057,2862.67
6058,3080.41
6059,3450.13
6060,2983.64
6061,2858.72
6062,3012.95
6063,2764.9
6064,3394.34
6065,2890.39
6066,2787.35
6067,2659.23
6068,3101.26
6069,3049.16
6070,2737.88
6071,2983.64
6072,2507.77
6073,2895.11
6074,2956.73
6075,3243.79
6076,2678.1
6077,2562.61
6078,2650.54
6079,2550.21
6080,3161.36
6081,3210.24
6082,2930.05
6083,3136.36
6084,2888.4
6085,2836.52
6086,2782.62
6087,2788.24
6088,2506.0
6089,2920.42
6090,2851.29
6091,3031.23
6092,2882.77
6093,2824.68
6094,2663.27
6095,2879.23
6096,3031.85
6097,2602.45
6098,2884.08
6099,2917.79
6100,2700.96
6101,2731.15
6102,2918.58
6103,2607.42
6104,2946.74
6105,2662.7
6106,3110.51
6107,3402.23
6108,2671.96
6109,2991.09
6110,2703.47
6111,3107.76
6112,2581.35
6113,2980.64
6114,2671.86
6115,2824.46
6116,2636.66
6117,3060.52
6118,2681.89
6119,2999.65
6120,2795.39
6121,2848.3
6122,2908.66
6123,2701.31
6124,2923.86
6125,3225.86
6126,2698.94
6127,3144.85
6128,3219.84
6129,2691.6
6130,2546.09
6131,2947.93
6132,2754.34
6133,3306.74
6134,2888.25
6135,2697.49
6136,2619.13
6137,3130.64
6138,2751.61
6139,2892.56
6140,3101.36
6141,2772.82
6142,2873.41
6143,2880.56
6144,3040.91
6145,3020.21
6146,2835.41
6147,2900.69
6148,2801.67
6149,2549.49
6150,2946.35
6151,3320.23
6152,2686.51
6153,2712.25
6154,2690.38
6155,3055.29
6156,2992.66
6157,2854.43
6158,2681.38
6159,2912.65
6160,2534.56
6161,2925.22
6162,3092.0
6163,2607.51
6164,2543.69
6165,3255.08
6166,2754.94
6167,3154.66
6168,2860.42
6169,2859.05
6170,2996.66
6171,2695.0
6172,2927.67
6173,2810.7
6174,2596.63
6175,2975.85
6176,2839.05
6177,2863.78
6178,2623.64
6179,3264.11
6180,3101.29
6181,3121.71
6182,2832.12
6183,2507.31
6184,3348.95
6185,2889.29
6186,2732.63
6187,2999.37
6188,3171.23
6189,2899.78
6190,3197.59
6191,3153.36
6192,2660.5
6193,2752.92
6194,3126.05
6195,2288.05
6196,2874.06
6197,2581.77
6198,2800.23
6199,2841.28
6200,2828.16
6201,2784.28
6202,2660.25
6203,3434.94
6204,3338.43
6205,2646.77
6206,3274.14
6207,2821.89
6208,2943.11
6209,2899.59
6210,2763.78
6211,3139.71
6212,2944.16
6213,2806.98
6214,2618.26
6215,2712.61
6216,2542.22
6217,2920.44
6218,2644.72
6219,2857.88
6220,3232.0
6221,3193.43
6222,2912.53
6223,2900.46
6224,3350.26
6225,3040.22
6226,2846.81
6227,2596.37
6228,3012.58
6229,3112.51
6230,2779.2
6231,2990.48
6232,2841.34
6233,2882.81
6234,2356.95
6235,2875.08
6236,3147.66
6237,2782.4
6238,2939.1
6239,2754.85
6240,3010.34
6241,2878.98
6242,2714.33
6243,3233.78
6244,3142.02
6245,2792.06
6246,3044.42
6247,3053.92
6248,3078.34
6249,2544.99
6250,3162.46
6251,2802.8
6252,2851.65
6253,3536.48
6254,3003.26
6255,2846.49
6256,2431.39
6257,3253.15
6258,2628.78
6259,2707.31
6260,2861.3
6261,3261.03
6262,3114.55
6263,2902.29
6264,3009.23
6265,2802.09
6266,2971.6
6267,2956.9
6268,3161.92
6269,3162.0
6270,3054.35
6271,2859.17
6272,3111.87
6273,2921.84
6274,2696.13
6275,2851.62
6276,2963.51
6277,3152.59
6278,2903.17
6279,2669.31
6280,2958.96
6281,2972.37
6282,2989.36
6283,3157.5
6284,3180.58
6285,2812.5
6286,2807.94
6287,2711.51
6288,3109.25
6289,3281.04
6290,2878.52
6291,2895.79
6292,3286.49
6293,3067.35
6294,3051.96
6295,2680.68
6296,3108.26
6297,2741.39
6298,2695.03
6299,2875.33
6300,2821.17
6301,2904.82
6302,2626.7
6303,3175.39
6304,3214.42
6305,2512.37
6306,3181.23
6307,2772.98
6308,3154.38
6309,2943.41
6310,2966.07
6311,2917.66
6312,3237.31
6313,2677.66
6314,3100.16
6315,3213.35
6316,3125.85
6317,3493.73
6318,2842.26
6319,3182.25
6320,2939.76
6321,3246.23
6322,2963.14
6323,2876.74
6324,3264.18
6325,2853.95
6326,2643.96
6327,2849.07
6328,3109.02
6329,3286.07
6330,2993.89
6331,3270.1
6332,2659.12
6333,2868.59
6334,2904.37
6335,2944.58
6336,2990.41
6337,3129.49
6338,2870.48
6339,3004.31
6340,2962.69
6341,2761.93
6342,2947.93
6343,2941.53
6344,2937.09
6345,2982.51
6346,2992.99
6347,2877.39
6348,3267.36
6349,2709.88
6350,2812.79
6351,3613.04
6352,2741.27
6353,2669.58
6354,3147.09
6355,2505.23
6356,2926.45
6357,3470.87
6358,2628.15
6359,2528.76
6360,2639.51
6361,3187.68
6362,3239.86
6363,2866.25
6364,3139.88
6365,3301.86
6366,3393.02
6367,2928.87
6368,2459.82
6369,2798.52
6370,2889.0
6371,2927.79
6372,2944.48
6373,3243.46
6374,3279.45
6375,2949.53
6376,3240.15
6377,3071.36
6378,3004.84
6379,3197.65
6380,3007.51
6381,3461.56
6382,2663.29
6383,2874.66
6384,2963.9
6385,3093.64
6386,3283.37
6387,2988.58
6388,2669.69
6389,3187.52
6390,3167.97
6391,2552.33
6392,2995.53
6393,2633.58
6394,2845.46
6395,2791.5
6396,3183.08
6397,3025.34
6398,2705.4
6399,3200.6
6400,2672.44
6401,3075.87
6402,2814.94
6403,2917.81
6404,3117.0
6405,3121.38
6406,3308.13
6407,2984.36
6408,3073.61
6409,2904.05
6410,3046.08
6411,3105.35
6412,2982.94
6413,2593.78
6414,3082.03
6415,3090.04
6416,2851.81
6417,2714.23
6418,3345.27
6419,3120.82
6420,2956.67
6421,2749.69
6422,2822.15
6423,3307.93
6424,3042.25
6425,2885.47
6426,3128.14
6427,2826.1
6428,3355.47
6429,3322.1
6430,2906.91
6431,2870.33
6432,2416.28
6433,2676.38
6434,2709.29
6435,3046.63
6436,2941.67
6437,2709.3
6438,2952.87
6439,3133.0
6440,3138.59
6441,2584.46
6442,2989.6
6443,2703.32
6444,3225.8
6445,3199.39
6446,2815.54
6447,2846.14
6448,2916.22
6449,2507.39
6450,3099.25
6451,2960.62
6452,3245.04
6453,2772.92
6454,2882.86
6455,2680.58
6456,2795.77
6457,2755.62
6458,3253.63
6459,2867.03
6460,3055.37
6461,2940.46
6462,2737.89
6463,2989.9
6464,3165.67
6465,2753.33
6466,3214.54
6467,2836.03
6468,2920.26
6469,3152.29
6470,2879.94
6471,3040.53
6472,2960.51
6473,3062.4
6474,2489.41
6475,2615.75
6476,3174.92
6477,3271.6
6478,2827.1
6479,2979.8
6480,3103.33
6481,3194.82
6482,2573.67
6483,2834.93
6484,2961.82
6485,3198.88
6486,3609.47
6487,2987.06
6488,2718.17
6489,3131.95
6490,3342.29
6491,3065.63
6492,2834.27
6493,3260.71
6494,3193.89
6495,2808.34
6496,3130.34
6497,3271.48
6498,3314.11
6499,3029.37
6500,2963.2
6501,3325.82
6502,2769.44
6503,3146.54
6504,2733.81
6505,3290.64
6506,2988.75
6507,3337.96
6508,3160.86
6509,2769.6
6510,3374.96
6511,3404.34
6512,3251.96
6513,2876.86
6514,2981.39
6515,3084.97
6516,2891.44
6517,3439.27
6518,3086.07
6519,2435.96
6520,3131.53
6521,2974.91
6522,3037.78
6523,2971.14
6524,3240.17
6525,3312.05
6526,3121.36
6527,2979.63
6528,3048.16
6529,3062.53
6530,2875.18
6531,3191.21
6532,3164.5
6533,3411.77
6534,3347.09
6535,2904.11
6536,3248.6
6537,2844.4
6538,3221.09
6539,2944.53
6540,2829.23
6541,3127.43
6542,2452.89
6543,2664.33
6544,3024.25
6545,3084.08
6546,2981.33
6547,2705.32
6548,2879.75
6549,3156.42
6550,3200.41
6551,3064.24
6552,3332.68
6553,3159.64
6554,2898.54
6555,3005.67
6556,2749.71
6557,3045.95
6558,3325.16
6559,3228.11
6560,3392.29
6561,3003.25
6562,3380.42
6563,3029.19
6564,3409.99
6565,3069.26
6566,3236.27
6567,3412.14
6568,3031.41
6569,3125.94
6570,3370.94
6571,3046.57
6572,2775.64
6573,3567.43
6574,2970.98
6575,3115.02
6576,3343.29
6577,2940.64
6578,2849.85
6579,3138.52
6580,2671.37
6581,3015.68
6582,3137.88
6583,3020.68
6584,2730.19
6585,3447.44
6586,3107.35
6587,3411.1
6588,3025.19
6589,2884.01
6590,3147.0
6591,3036.65
6592,2817.34
6593,3422.63
6594,2945.14
6595,2667.34
6596,3391.62
6597,2973.44
6598,2950.24
6599,2686.24
6600,3487.72
6601,2795.86
6602,3104.25
6603,3299.84
6604,3188.14
6605,3078.62
6606,2703.95
6607,2908.17
6608,3136.5
6609,2914.22
6610,3140.96
6611,3250.7
6612,3315.29
6613,2815.73
6614,3598.13
6615,3272.08
6616,3096.81
6617,3346.56
6618,3638.48
6619,2769.87
6620,3047.54
6621,2556.09
6622,3143.91
6623,3183.83
6624,3091.85
6625,2951.72
6626,2633.48
6627,3187.48
6628,3435.1
6629,2968.03
6630,3204.03
6631,2745.7
6632,3208.85
6633,3014.98
6634,2931.12
6635,2932.04
6636,3016.28
6637,3194.02
6638,2807.33
6639,3016.83
6640,3098.53
6641,2857.37
6642,3519.35
6643,2914.37
6644,2956.87
6645,2886.75
6646,3521.57
6647,3237.46
6648,2897.63
6649,3364.77
6650,3158.35
6651,3171.72
6652,3034.7
6653,2942.64
6654,3191.46
6655,2990.22
6656,3530.24
6657,2825.68
6658,3467.04
6659,3091.12
6660,3185.33
6661,3307.79
6662,2973.92
6663,3315.79
6664,2500.25
6665,2954.77
6666,2908.6
6667,2833.78
6668,3071.49
6669,3209.18
6670,3282.02
6671,3176.98
6672,2970.32
6673,3207.15
6674,3151.69
6675,3337.59
6676,3301.69
6677,3131.61
6678,2920.12
6679,2976.38
6680,3000.4
6681,3054.43
6682,3188.14
6683,3290.73
6684,3116.12
6685,3131.93
6686,3161.44
6687,3011.29
6688,2918.19
6689,2729.02
6690,2971.69
6691,3239.04
6692,2970.82
6693,3077.52
6694,3238.86
6695,3251.7
6696,2886.58
6697,3361.43
6698,3391.65
6699,2876.43
6700,2946.79
6701,3407.56
6702,3102.35
6703,2629.24
6704,2817.04
6705,3080.28
6706,2872.0
6707,3043.7
6708,3146.0
6709,3473.11
6710,3073.14
6711,3384.98
6712,3466.8
6713,3468.52
6714,3206.35
6715,2693.23
6716,3247.48
6717,3382.16
6718,3124.58
6719,3542.11
6720,3340.43
6721,3274.27
6722,3393.09
6723,3221.51
6724,2576.31
6725,3032.22
6726,3420.2
6727,2962.65
6728,3096.55
6729,2909.35
6730,3556.04
6731,3533.09
6732,2947.48
6733,3183.5
6734,2994.84
6735,3291.24
6736,3267.64
6737,3337.09
6738,3227.93
6739,3823.15
6740,2918.17
6741,2762.66
6742,3064.1
6743,2796.14
6744,2813.84
6745,2926.5
6746,2945.02
6747,2938.06
6748,3274.99
6749,3041.41
6750,3116.49
6751,3362.24
6752,2983.33
6753,3098.41
6754,3242.86
6755,2716.19
6756,2615.36
6757,3239.72
6758,3273.5
6759,3633.13
6760,3198.12
6761,3349.72
6762,3118.24
6763,3231.25
6764,3544.69
6765,2679.02
6766,3259.19
6767,3653.03
6768,3230.03
6769,3543.13
6770,3022.75
6771,3159.63
6772,3175.06
6773,2661.23
6774,2901.43
6775,2918.17
6776,3357.0
6777,3368.9
6778,3244.13
6779,3358.82
6780,3133.5
6781,3446.03
6782,3173.91
6783,3185.57
6784,3112.12
6785,3329.61
6786,3077.48
6787,3397.22
6788,2915.96
6789,2924.0
6790,3332.54
6791,3155.72
6792,3072.71
6793,3380.19
6794,3038.57
6795,3132.01
6796,3497.86
6797,3530.27
6798,3538.32
6799,3115.1
6800,3461.16
6801,2963.66
6802,2973.72
6803,2644.38
6804,3563.97
6805,2984.87
6806,3153.79
6807,2975.18
6808,3342.41
6809,3098.24
6810,2886.41
6811,3285.85
6812,2857.86
6813,2994.54
6814,2704.98
6815,2861.44
6816,3227.99
6817,2738.85
6818,2849.73
6819,3188.01
6820,3064.81
6821,3644.54
6822,3608.86
6823,2992.07
6824,3318.08
6825,3362.43
6826,3055.2
6827,2850.49
6828,3189.79
6829,3153.56
6830,3093.95
6831,3295.0
6832,3022.89
6833,2931.67
6834,3220.22
6835,3283.93
6836,2927.39
6837,3408.67
6838,2792.63
6839,3065.48
6840,3139.06
6841,3053.1
6842,3069.81
6843,3626.8
6844,3005.41
6845,3757.95
6846,3300.56
6847,3222.18
6848,3310.4
6849,3780.02
6850,2975.51
6851,2946.99
6852,3030.95
6853,3211.19
6854,2810.04
6855,3209.85
6856,3592.1
6857,3240.24
6858,3139.24
6859,3065.33
6860,3412.27
6861,3018.79
6862,3629.71
6863,3650.03
6864,3267.46
6865,3206.62
6866,3445.16
6867,3460.26
6868,3026.47
6869,3090.76
6870,2909.41
6871,3305.4
6872,3364.69
6873,2904.46
6874,3109.31
6875,2905.97
6876,3008.87
6877,3340.53
6878,3047.53
6879,3146.83
6880,2844.24
6881,3259.17
6882,3206.79
6883,3050.82
6884,3174.62
6885,3259.44
6886,3032.54
6887,2881.89
6888,3632.09
6889,3075.38
6890,3198.39
6891,3451.88
6892,4027.62
6893,2937.54
6894,3325.06
6895,3061.11
6896,3100.11
6897,3059.12
6898,2966.94
6899,3215.12
6900,2888.15
6901,3441.75
6902,3238.47
6903,3322.86
6904,3120.3
6905,3143.36
6906,3293.39
6907,2962.22
6908,3146.82
6909,3032.67
6910,3026.05
6911,2747.95
6912,3536.37
6913,3074.01
6914,3497.08
6915,3475.92
6916,2938.41
6917,2984.0
6918,3818.05
6919,3633.55
6920,3226.8
6921,3293.25
6922,3090.78
6923,3334.12
6924,3071.96
6925,2771.95
6926,2934.79
6927,3241.97
6928,2979.2
6929,3222.68
6930,2992.99
6931,3060.22
6932,3434.31
6933,3296.39
6934,3238.09
6935,3441.55
6936,3351.0
6937,3572.12
6938,3137.04
6939,3144.4
6940,2945.76
6941,3145.45
6942,3464.3
6943,3541.34
6944,3464.18
6945,2835.36
6946,3493.15
6947,2826.14
6948,3451.78
6949,3163.03
6950,3408.0
6951,2943.55
6952,3515.96
6953,2914.17
6954,3096.59
6955,3021.73
6956,2849.43
6957,3272.25
6958,3663.71
6959,3860.81
6960,3274.2
6961,3507.56
6962,3305.92
6963,3367.32
6964,3175.64
6965,3298.82
6966,3377.49
6967,3123.0
6968,3237.9
6969,3242.7
6970,3445.29
6971,3013.41
6972,3245.63
6973,3694.65
6974,3524.23
6975,3566.97
6976,3264.78
6977,3332.98
6978,3489.06
6979,3616.99
6980,2815.15
6981,2960.93
6982,3561.05
6983,3199.09
6984,3109.34
6985,2976.73
6986,3136.9
6987,2943.77
6988,3742.32
6989,3259.92
6990,3252.26
6991,3400.3
6992,3486.25
6993,3482.94
6994,3512.57
6995,3123.63
6996,3200.15
6997,3444.34
6998,3148.62
6999,3268.38
7000,3361.1
7001,3449.83
7002,2864.78
7003,3434.64
7004,3218.41
7005,3433.87
7006,3450.19
7007,3640.48
7008,3582.8
7009,3581.68
7010,3604.31
7011,3341.52
7012,3282.75
7013,3475.25
7014,3443.55
7015,3206.14
7016,3369.68
7017,3269.63
7018,3083.02
7019,3573.36
7020,3291.61
7021,3747.48
7022,2908.55
7023,3153.15
7024,3288.26
7025,3541.09
7026,3372.96
7027,3353.08
7028,3025.07
7029,3018.74
7030,3357.18
7031,2972.32
7032,3162.89
7033,3399.29
7034,3060.89
7035,3652.5
7036,3565.81
7037,2927.65
7038,3074.1
7039,2765.36
7040,3109.21
7041,3463.53
7042,3194.34
7043,3394.62
7044,2942.02
7045,3472.55
7046,3163.88
7047,3293.93
7048,3270.38
7049,3001.56
7050,3029.07
7051,3514.05
7052,3384.55
7053,3533.74
7054,3368.47
7055,3327.42
7056,2900.89
7057,3233.88
7058,3289.84
7059,3742.74
7060,3453.94
7061,3648.37
7062,3434.41
7063,3135.85
7064,3325.56
7065,3353.22
7066,3085.15
7067,3212.34
7068,3253.59
7069,3667.86
7070,2826.15
7071,3577.42
7072,3088.39
7073,2989.39
7074,3572.86
7075,3470.95
7076,3590.8
7077,3487.57
7078,3775.68
7079,3433.19
7080,3270.25
7081,3384.79
7082,3590.97
7083,3129.3
7084,3158.87
7085,3237.67
7086,2827.9
7087,3340.69
7088,2878.71
7089,3322.17
7090,3508.18
7091,3202.01
7092,3694.54
7093,2978.19
7094,3584.45
7095,3466.99
7096,2921.17
7097,3932.94
7098,3299.54
7099,3114.09
7100,2993.55
7101,3265.19
7102,3286.79
7103,3339.8
7104,3248.77
7105,3461.91
7106,3229.14
7107,2876.1
7108,3284.48
7109,2778.19
7110,3400.32
7111,3096.23
7112,3357.72
7113,3621.05
7114,3104.56
7115,3564.2
7116,3223.19
7117,3723.17
7118,3239.68
7119,3131.54
7120,3481.0
7121,3224.89
7122,3132.67
7123,3216.19
7124,3315.61
7125,3632.87
7126,2884.85
7127,3332.42
7128,3470.36
7129,3372.24
7130,3627.74
7131,3311.97
7132,3287.24
7133,3465.17
7134,3352.99
7135,3241.56
7136,3449.11
7137,3182.58
7138,3192.47
7139,3211.93
7140,3642.11
7141,2597.6
7142,3424.28
7143,3342.18
7144,2950.8
7145,3406.01
7146,3444.39
7147,3470.85
7148,2730.78
7149,3649.21
7150,3168.96
7151,3494.8
7152,3507.7
7153,3138.57
7154,3490.18
7155,3251.68
7156,2866.99
7157,3607.42
7158,3164.04
7159,3146.34
7160,3249.92
7161,3404.64
7162,3329.82
7163,3468.56
7164,3037.79
7165,3174.65
7166,3318.2
7167,3778.73
7168,3319.6
7169,3593.97
7170,3355.31
7171,3236.46
7172,3291.04
7173,3309.37
7174,3486.2
7175,3662.78
7176,3431.37
7177,3620.84
7178,3129.69
7179,3255.83
7180,3185.53
7181,3423.29
7182,3269.89
7183,3519.07
7184,3140.11
7185,3363.08
7186,3510.61
7187,2882.33
7188,3839.29
7189,3290.36
7190,2892.87
7191,3392.07
7192,3364.04
7193,3338.14
7194,3583.74
7195,3528.51
7196,3426.25
7197,3461.49
7198,3335.26
7199,3765.17
7200,3022.07
7201,3392.35
7202,3375.76
7203,3547.15
7204,3169.02
7205,2963.9
7206,3398.53
7207,3427.4
7208,3703.9
7209,3073.83
7210,3628.29
7211,3905.79
7212,3279.1
7213,3070.93
7214,3273.33
7215,3369.95
7216,3496.0
7217,3232.54
7218,3723.39
7219,3113.93
7220,2971.67
7221,3622.28
7222,2850.26
7223,3323.72
7224,4083.04
7225,3368.5
7226,3115.66
7227,3359.04
7228,3360.99
7229,3409.75
7230,3524.8
7231,3136.56
7232,3759.93
7233,3430.85
7234,3541.34
7235,3232.25
7236,3670.08
7237,3317.93
7238,3440.51
7239,3164.38
7240,3150.25
7241,3535.67
7242,3277.56
7243,3184.29
7244,3232.86
7245,3539.93
7246,3236.99
7247,3354.27
7248,3385.03
7249,2944.03
7250,3046.42
7251,3459.77
7252,3215.02
7253,3625.26
7254,3605.17
7255,3549.05
7256,3800.93
7257,3366.67
7258,3534.34
7259,3253.04
7260,3947.25
7261,3840.62
7262,3390.61
7263,3476.67
7264,3699.34
7265,3355.64
7266,3239.69
7267,3589.82
7268,3408.52
7269,3432.86
7270,3200.91
7271,2999.54
7272,3446.35
7273,3599.59
7274,3341.71
7275,3721.91
7276,3233.39
7277,3153.7
7278,3379.74
7279,3376.68
7280,3571.9
7281,3219.41
7282,3709.45
7283,3846.7
7284,3388.86
7285,3683.75
7286,3157.34
7287,3644.79
7288,3638.85
7289,3597.3
7290,3396.94
7291,2726.04
7292,3254.8
7293,3258.86
7294,3178.81
7295,3430.68
7296,3307.49
7297,3215.27
7298,3162.21
7299,3241.09
7300,3661.21
7301,3254.44
7302,3288.26
7303,3302.02
7304,3484.24
7305,3511.48
7306,2712.14
7307,3641.55
7308,3736.74
7309,3169.13
7310,3187.38
7311,3307.09
7312,3237.69
7313,3462.01
7314,2966.61
7315,3156.36
7316,3763.83
7317,3200.6
7318,3697.16
7319,3494.73
7320,3000.67
7321,3559.59
7322,3388.02
7323,3311.3
7324,3471.76
7325,3524.68
7326,3578.35
7327,3686.33
7328,3510.84
7329,3103.78
7330,3310.29
7331,4091.3
7332,3584.91
7333,3961.12
7334,3739.09
7335,3475.99
7336,3490.06
7337,3413.29
7338,3025.09
7339,3426.67
7340,3699.58
7341,3286.46
7342,3518.01
7343,3618.9
7344,3216.98
7345,3322.15
7346,3193.16
7347,3238.32
7348,3132.44
7349,3221.34
7350,3751.78
7351,3218.81
7352,3457.29
7353,3313.97
7354,3698.62
7355,3729.29
7356,3627.6
7357,3500.59
7358,3378.31
7359,3159.26
7360,3876.0
7361,3258.9
7362,3584.51
7363,3675.41
7364,3306.94
7365,3671.39
7366,3609.29
7367,3829.91
7368,3328.38
7369,3142.29
7370,3321.02
7371,3484.66
7372,3450.7
7373,3347.97
7374,3002.14
7375,3546.23
7376,3889.79
7377,3545.71
7378,3579.26
7379,3571.33
7380,3531.71
7381,3654.29
7382,3532.22
7383,3370.92
7384,3260.95
7385,3386.37
7386,3515.46
7387,3371.94
7388,3516.41
7389,3545.38
7390,3635.84
7391,3739.01
7392,3464.22
7393,3148.08
7394,3368.46
7395,3457.82
7396,3028.81
7397,3765.89
7398,3481.63
7399,3536.67
7400,3761.96
7401,3306.49
7402,3582.04
7403,3426.25
7404,3409.74
7405,3275.84
7406,3833.21
7407,3367.37
7408,3613.39
7409,3025.7
7410,3724.07
7411,3695.33
7412,3477.66
7413,3404.0
7414,3547.68
7415,3979.63
7416,3054.38
7417,3636.31
7418,3249.84
7419,3454.0
7420,3402.37
7421,3361.6
7422,3457.51
7423,3201.25
7424,3695.92
7425,3051.37
7426,3585.01
7427,3387.55
7428,3195.1
7429,3509.29
7430,3107.81
7431,3473.02
7432,3139.34
7433,3570.23
7434,3254.13
7435,3362.72
7436,3533.35
7437,3290.16
7438,3453.86
7439,3121.71
7440,3612.13
7441,3871.65
7442,4106.79
7443,3490.18
7444,3649.87
7445,3063.46
7446,3814.0
7447,3648.48
7448,3361.04
7449,3754.69
7450,3414.36
7451,3368.31
7452,3581.99
7453,3230.92
7454,3707.69
7455,3233.51
7456,3235.31
7457,3267.83
7458,3649.61
7459,3335.65
7460,3169.05
7461,3339.08
7462,3470.58
7463,3208.55
7464,3215.7
7465,3961.58
7466,3283.1
7467,3406.35
7468,3396.7
7469,3384.79
7470,3623.45
7471,3698.56
7472,3412.5
7473,3200.37
7474,3774.45
7475,3461.97
7476,3879.5
7477,2971.64
7478,3529.74
7479,3923.86
7480,3405.3
7481,3434.94
7482,3554.41
7483,3359.69
7484,3416.51
7485,3411.08
7486,3345.36
7487,3769.89
7488,3594.93
7489,3547.31
7490,3675.22
7491,3430.56
7492,3314.53
7493,3354.18
7494,3492.71
7495,3250.77
7496,3378.91
7497,3375.74
7498,3979.46
7499,2860.86
7500,3453.97
7501,3889.69
7502,3523.74
7503,3668.47
7504,3519.61
7505,3344.8
7506,2985.53
7507,3545.09
7508,3321.41
7509,3316.21
7510,3385.5
7511,3898.57
7512,4049.79
7513,3550.47
7514,3395.12
7515,3232.81
7516,3609.24
7517,3909.96
7518,3446.59
7519,2960.06
7520,3657.07
7521,3729.57
7522,3142.61
7523,3545.67
7524,3608.88
7525,3489.55
7526,3326.05
7527,3739.24
7528,3415.45
7529,3168.75
7530,3040.29
7531,3796.99
7532,3650.28
7533,3529.95
7534,3409.72
7535,3389.9
7536,3265.44
7537,3413.08
7538,3027.76
7539,3344.39
7540,3441.97
7541,3652.78
7542,3504.78
7543,3695.95
7544,3823.01
7545,3756.99
7546,3623.19
7547,3518.86
7548,3292.54
7549,3686.09
7550,3901.24
7551,3596.11
7552,3956.4
7553,3170.33
7554,3255.63
7555,3715.12
7556,3580.58
7557,3820.79
7558,3517.57
7559,3323.26
7560,3473.2
7561,3172.3
7562,3265.07
7563,3745.51
7564,3723.19
7565,3607.18
7566,3131.51
7567,3443.27
7568,3245.75
7569,3794.83
7570,3393.15
7571,3278.91
7572,3534.21
7573,3381.6
7574,3867.27
7575,3360.88
7576,3209.54
7577,3037.81
7578,3523.07
7579,3402.18
7580,3204.56
7581,3803.13
7582,3684.33
7583,3525.9
7584,3844.48
7585,3684.61
7586,3345.72
7587,3296.74
7588,3721.47
7589,3625.6
7590,3574.28
7591,3342.57
7592,3675.29
7593,3364.25
7594,3514.0
7595,3868.31
7596,3387.23
7597,3179.3
7598,3298.64
7599,3766.7
7600,3598.19
7601,3511.01
7602,3424.6
7603,3652.23
7604,3347.82
7605,3612.08
7606,3375.64
7607,3338.08
7608,3397.96
7609,3458.29
7610,3533.34
7611,3598.74
7612,2702.78
7613,3361.34
7614,3456.84
7615,3890.59
7616,3300.47
7617,3584.84
7618,3889.64
7619,3248.6
7620,3639.0
7621,3366.17
7622,3434.61
7623,3366.88
7624,3383.61
7625,4173.08
7626,3744.62
7627,3803.85
7628,3665.0
7629,3186.1
7630,3643.73
7631,3799.06
7632,3359.44
7633,3775.38
7634,3716.21
7635,3978.85
7636,3460.76
7637,3305.9
7638,3474.49
7639,3885.51
7640,3140.3
7641,3085.92
7642,3579.32
7643,3458.24
7644,3561.57
7645,3776.21
7646,3434.46
7647,3133.26
7648,4028.67
7649,3334.23
7650,3320.56
7651,3815.1
7652,3475.56
7653,3549.37
7654,3674.59
7655,3812.3
7656,3489.02
7657,3912.89
7658,3078.17
7659,3740.13
7660,3375.21
7661,3880.95
7662,3600.35
7663,3414.62
7664,3720.23
7665,3773.3
7666,3716.34
7667,3334.91
7668,3460.02
7669,3570.12
7670,3562.07
7671,3743.23
7672,3112.09
7673,3649.23
7674,3507.05
7675,3382.19
7676,3404.58
7677,3525.64
7678,2752.42
7679,3415.34
7680,3375.92
7681,3698.17
7682,3392.88
7683,3528.21
7684,3930.14
7685,3805.41
7686,3784.83
7687,3464.95
7688,3703.66
7689,3526.62
7690,3535.7
7691,3674.54
7692,3445.02
7693,3922.93
7694,3545.72
7695,3724.02
7696,3915.74
7697,3819.33
7698,3262.23
7699,3686.19
7700,3779.35
7701,3789.2
7702,3331.56
7703,3436.25
7704,3814.01
7705,3413.22
7706,3519.23
7707,3948.16
7708,3577.68
7709,3423.02
7710,3389.01
7711,3665.96
7712,3285.84
7713,3534.35
7714,3667.43
7715,3888.54
7716,3744.7
7717,3429.52
7718,3862.31
7719,3525.12
7720,3311.7
7721,3555.15
7722,3923.45
7723,3633.1
7724,3598.66
7725,3970.28
7726,3269.7
7727,3303.45
7728,3228.46
7729,3683.18
7730,3636.54
7731,3951.39
7732,3655.02
7733,3507.52
7734,3600.71
7735,3627.64
7736,3219.28
7737,4220.83
7738,3720.87
7739,3650.53
7740,3743.54
7741,3765.52
7742,3571.79
7743,3460.14
7744,3741.75
7745,3693.37
7746,3420.68
7747,3930.33
7748,3673.62
7749,3773.78
7750,3925.49
7751,3612.95
7752,3680.81
7753,3793.9
7754,3443.7
7755,3622.1
7756,3638.88
7757,3392.24
7758,4140.57
7759,3290.05
7760,3315.44
7761,3912.69
7762,3775.85
7763,3378.97
7764,3752.54
7765,3949.58
7766,3607.79
7767,4208.86
7768,3221.73
7769,3774.56
7770,3883.0
7771,3820.58
7772,3570.71
7773,3551.5
7774,3719.77
7775,3805.11
7776,3756.84
7777,3857.25
7778,3387.34
7779,3568.52
7780,3406.25
7781,3533.24
7782,3853.83
7783,3647.02
7784,4218.34
7785,3667.43
7786,3637.34
7787,3648.41
7788,3478.89
7789,3611.84
7790,3883.15
7791,3651.99
7792,3445.13
7793,3415.51
7794,3524.45
7795,3644.62
7796,3900.88
7797,3322.41
7798,3556.03
7799,3662.52
7800,3211.08
7801,3440.01
7802,3475.58
7803,3449.51
7804,3675.64
7805,3595.57
7806,3505.84
7807,3730.92
7808,4027.24
7809,4008.54
7810,3195.24
7811,3766.78
7812,3594.73
7813,3671.3
7814,3545.31
7815,3663.61
7816,3671.79
7817,3505.39
7818,3433.32
7819,3536.04
7820,3692.52
7821,3776.29
7822,3834.85
7823,3527.45
7824,3705.65
7825,3861.14
7826,3907.98
7827,3628.71
7828,3592.13
7829,3686.71
7830,3380.85
7831,3599.72
7832,3814.5
7833,3791.5
7834,3583.56
7835,3695.49
7836,3457.81
7837,3807.36
7838,3629.32
7839,3584.51
7840,3565.36
7841,3634.08
7842,3546.58
7843,3799.7
7844,3559.5
7845,4014.17
7846,3985.43
7847,3447.47
7848,3667.52
7849,3503.41
7850,3577.88
7851,4110.41
7852,3583.13
7853,3736.14
7854,3777.97
7855,3426.15
7856,3459.85
7857,3380.13
7858,3453.7
7859,3005.45
7860,3781.41
7861,4126.74
7862,3691.67
7863,3334.8
7864,3511.96
7865,3554.42
7866,3427.23
7867,3856.66
7868,3845.71
7869,3397.08
7870,3827.15
7871,4010.75
7872,4097.04
7873,4317.42
7874,3457.24
7875,4308.95
7876,3583.28
7877,3529.3
7878,3739.82
7879,3532.58
7880,3757.16
7881,3364.87
7882,3612.36
7883,3961.04
7884,3654.76
7885,3700.6
7886,3777.27
7887,3936.59
7888,3291.46
7889,3803.59
7890,3609.24
7891,3709.02
7892,3913.55
7893,3399.03
7894,3440.96
7895,3230.6
7896,3547.74
7897,3977.59
7898,3646.55
7899,3368.39
7900,3564.05
7901,3335.54
7902,3418.85
7903,3765.18
7904,3408.63
7905,3931.43
7906,3661.45
7907,3697.7
7908,3615.0
7909,3855.61
7910,3858.42
7911,3756.49
7912,3809.43
7913,3632.4
7914,3805.17
7915,3604.56
7916,3682.71
7917,3619.91
7918,3578.65
7919,3526.12
7920,3790.85
7921,3983.86
7922,3952.44
7923,3398.28
7924,3980.32
7925,3613.57
7926,3823.94
7927,3480.12
7928,3720.04
7929,3759.72
7930,3349.34
7931,3827.91
7932,3996.88
7933,3649.95
7934,4001.03
7935,3647.41
7936,3885.29
7937,3184.81
7938,4244.68
7939,4034.19
7940,3627.98
7941,3242.92
7942,3759.7
7943,3364.48
7944,3796.43
7945,3789.27
7946,3480.63
7947,3952.24
7948,3880.64
7949,3919.98
7950,3699.52
7951,3374.57
7952,3921.8
7953,3637.08
7954,3381.8
7955,4008.63
7956,4179.82
7957,3691.23
7958,4194.36
7959,3722.41
7960,3615.08
7961,3558.42
7962,4076.9
7963,3525.12
7964,3871.77
7965,3576.51
7966,3599.54
7967,3940.51
7968,3618.78
7969,3613.57
7970,3965.29
7971,4071.88
7972,3854.68
7973,3558.27
7974,3591.65
7975,3727.01
7976,3782.52
7977,3483.97
7978,3875.28
7979,3730.09
7980,3319.04
7981,3499.23
7982,3596.73
7983,3695.71
7984,4144.41
7985,3767.66
7986,3521.62
7987,3764.55
7988,3634.16
7989,3789.24
7990,3848.13
7991,3992.2
7992,3710.85
7993,4091.28
7994,3924.74
7995,3556.13
7996,4223.05
7997,3793.35
7998,3528.31
7999,4097.16
8000,4194.67
8001,3712.91
8002,3605.84
8003,3681.97
8004,3885.08
8005,4014.18
8006,3853.03
8007,3746.39
8008,4065.83
8009,3652.58
8010,3960.02
8011,3659.14
8012,3823.87
8013,3699.91
8014,3713.54
8015,3640.53
8016,4034.44
8017,3560.21
8018,3558.99
8019,4213.1
8020,3952.39
8021,3184.56
8022,3600.77
8023,3316.4
8024,3513.61
8025,3014.25
8026,3700.4
8027,3471.27
8028,3746.29
8029,3361.79
8030,3752.44
8031,3639.16
8032,4077.53
8033,4057.28
8034,3914.71
8035,3661.13
8036,4189.77
8037,3381.85
8038,3416.45
8039,3718.41
8040,4252.94
8041,3692.23
8042,3697.04
8043,3409.94
8044,3955.9
8045,3958.01
8046,3920.97
8047,3597.4
8048,3580.15
8049,3446.63
8050,3761.66
8051,3496.13
8052,3474.42
8053,3647.06
8054,3632.55
8055,3621.85
8056,3851.76
8057,3763.71
8058,3680.27
8059,3788.36
8060,3520.48
8061,3771.5
8062,3782.31
8063,3404.97
8064,3976.27
8065,3547.88
8066,3770.33
8067,4016.16
8068,3962.07
8069,3758.89
8070,3668.69
8071,3968.41
8072,3906.54
8073,3611.58
8074,3571.7
8075,3280.31
8076,3789.39
8077,3735.76
8078,4014.67
8079,3837.58
8080,4060.81
8081,3597.14
8082,4016.91
8083,3636.52
8084,3935.44
8085,3424.99
8086,3812.42
8087,3305.74
8088,3698.57
8089,3860.65
8090,3641.48
8091,3520.97
8092,3954.7
8093,3738.21
8094,3650.46
8095,3772.32
8096,4365.55
8097,4027.17
8098,4029.69
8099,3864.05
8100,3803.03
8101,3218.06
8102,3610.78
8103,3656.56
8104,3338.48
8105,3502.84
8106,3315.17
8107,3759.39
8108,3955.65
8109,4021.9
8110,3864.26
8111,3549.86
8112,3329.01
8113,3369.49
8114,3481.4
8115,3568.69
8116,3735.7
8117,3540.96
8118,3850.54
8119,3720.49
8120,3776.41
8121,4034.94
8122,3505.27
8123,3871.0
8124,3772.61
8125,3700.06
8126,3978.94
8127,3977.96
8128,3561.37
8129,3736.43
8130,3842.74
8131,3716.58
8132,3913.05
8133,3844.09
8134,4198.95
8135,3431.15
8136,3753.23
8137,3574.1
8138,3920.11
8139,3413.1
8140,3862.12
8141,3639.51
8142,3616.18
8143,3453.89
8144,3678.55
8145,4033.01
8146,3779.95
8147,3929.55
8148,4166.89
8149,3847.31
8150,3659.84
8151,3894.7
8152,3664.05
8153,3673.61
8154,3442.08
8155,4001.36
8156,3702.02
8157,3832.25
8158,3554.43
8159,3891.14
8160,3617.93
8161,3760.08
8162,3993.44
8163,3974.0
8164,3788.77
8165,3390.32
8166,4478.42
8167,4194.0
8168,3960.7
8169,3623.98
8170,3770.55
8171,3672.8
8172,4086.13
8173,3857.82
8174,3619.16
8175,3691.2
8176,4055.34
8177,4165.2
8178,4149.25
8179,3973.5
8180,3743.29
8181,3060.92
8182,3869.79
8183,3801.93
8184,3834.78
8185,3815.56
8186,3500.71
8187,3931.49
8188,3949.03
8189,3960.93
8190,4021.75
8191,3943.95
8192,3712.73
8193,3790.67
8194,3828.12
8195,3832.35
8196,4036.25
8197,3955.7
8198,4283.68
8199,4313.62
8200,3828.2
8201,2933.95
8202,4093.46
8203,3687.9
8204,3628.7
8205,3721.22
8206,3710.66
8207,3953.02
8208,3457.34
8209,3567.84
8210,3892.9
8211,3957.26
8212,3961.96
8213,3636.05
8214,3592.81
8215,3701.01
8216,3872.0
8217,4157.01
8218,3350.36
8219,3768.12
8220,3514.55
8221,3441.99
8222,4040.8
8223,3944.77
8224,3923.47
8225,4031.66
8226,3712.11
8227,3723.31
8228,4321.94
8229,3766.72
8230,3991.44
8231,3825.41
8232,3402.16
8233,3357.75
8234,3693.03
8235,4067.02
8236,4006.29
8237,4035.47
8238,3601.61
8239,4196.7
8240,3607.57
8241,3877.07
8242,3826.53
8243,3789.63
8244,4135.61
8245,3669.17
8246,3522.38
8247,3835.72
8248,3740.26
8249,4603.62
8250,3987.05
8251,3739.43
8252,3592.13
8253,3404.29
8254,3600.09
8255,3861.01
8256,4161.28
8257,4091.9
8258,3888.44
8259,3762.72
8260,3898.41
8261,3718.97
8262,4230.47
8263,3795.13
8264,3819.08
8265,3333.04
8266,3795.05
8267,4031.25
8268,3596.68
8269,3669.55
8270,4022.6
8271,3504.6
8272,4084.06
8273,3721.28
8274,3754.53
8275,3587.0
8276,3930.57
8277,4406.61
8278,4023.64
8279,3648.1
8280,4105.44
8281,3774.1
8282,4160.91
8283,4031.64
8284,3175.43
8285,3618.87
8286,4064.45
8287,3883.8
8288,3615.72
8289,3705.3
8290,3415.01
8291,3830.76
8292,4356.44
8293,4035.74
8294,4352.71
8295,4054.34
8296,4087.93
8297,4304.63
8298,3940.29
8299,3811.78
8300,4090.91
8301,4187.58
8302,3746.25
8303,3691.51
8304,3888.52
8305,4047.21
8306,4040.03
8307,3532.79
8308,4295.31
8309,3712.57
8310,3798.95
8311,3653.74
8312,4476.84
8313,3916.15
8314,3666.89
8315,4059.12
8316,4037.91
8317,3819.76
8318,4055.14
8319,3675.01
8320,3751.39
8321,3405.21
8322,3562.44
8323,4278.31
8324,4240.79
8325,3881.28
8326,4246.6
8327,3830.58
8328,3811.99
8329,3880.96
8330,3839.96
8331,3819.79
8332,4130.61
8333,3904.15
8334,4033.07
8335,4106.37
8336,3959.88
8337,3649.99
8338,3563.03
8339,3906.54
8340,3833.88
8341,3893.41
8342,3870.23
8343,4464.57
8344,3570.91
8345,3420.64
8346,3951.63
8347,3790.16
8348,3948.81
8349,4010.44
8350,4170.86
8351,3533.62
8352,3751.22
8353,3976.8
8354,4055.31
8355,4380.85
8356,4098.53
8357,3867.68
8358,3677.68
8359,3752.64
8360,3746.6
8361,4032.14
8362,3941.61
8363,3580.96
8364,3784.22
8365,4084.73
8366,3965.04
8367,4015.06
8368,3973.08
8369,4257.61
8370,3940.42
8371,3798.76
8372,3678.19
8373,3944.87
8374,3330.71
8375,3846.65
8376,3842.18
8377,3577.93
8378,3678.03
8379,4075.52
8380,3943.71
8381,3914.7
8382,3961.89
8383,3913.51
8384,4176.74
8385,3921.45
8386,3560.57
8387,4266.56
8388,3979.21
8389,3760.43
8390,3609.16
8391,3986.4
8392,3869.63
8393,4256.47
8394,3818.28
8395,3706.45
8396,4102.85
8397,4110.03
8398,3937.63
8399,4054.07
8400,3891.39
8401,3953.88
8402,4167.05
8403,4044.21
8404,3863.13
8405,4211.2
8406,3362.44
8407,4371.95
8408,3513.87
8409,3760.79
8410,3895.15
8411,3871.49
8412,4135.32
8413,3664.18
8414,3965.87
8415,3774.66
8416,3974.63
8417,3892.85
8418,3929.33
8419,3782.92
8420,3792.47
8421,3975.08
8422,4125.49
8423,3773.67
8424,3712.33
8425,4051.4
8426,3904.27
8427,4101.88
8428,3705.67
8429,3506.53
8430,3791.73
8431,3738.87
8432,3896.4
8433,3769.36
8434,4084.59
8435,3849.92
8436,3950.58
8437,3952.66
8438,3961.64
8439,3912.04
8440,4034.65
8441,3736.68
8442,4238.6
8443,3865.31
8444,3620.17
8445,3963.22
8446,3726.25
8447,4073.15
8448,4426.39
8449,3742.36
8450,3998.43
8451,3521.9
8452,4027.1
8453,3721.51
8454,3781.55
8455,3673.16
8456,4092.46
8457,4155.77
8458,3931.44
8459,3729.07
8460,4290.13
8461,3756.02
8462,3433.98
8463,4033.07
8464,3676.41
8465,4155.1
8466,3842.63
8467,4068.07
8468,4250.78
8469,3654.88
8470,3802.21
8471,3914.66
8472,4283.66
8473,3782.44
8474,3797.48
8475,4042.98
8476,3802.33
8477,3969.49
8478,3580.65
8479,4441.42
8480,3628.11
8481,3862.94
8482,3929.48
8483,4374.31
8484,3635.14
8485,4391.43
8486,4111.68
8487,4034.44
8488,3714.66
8489,4070.53
8490,3775.22
8491,4230.32
8492,3719.56
8493,3916.0
8494,3815.45
8495,3717.15
8496,4112.56
8497,4065.98
8498,4220.3
8499,3537.93
8500,4188.11
8501,4517.83
8502,3842.72
8503,4379.3
8504,3886.68
8505,3633.72
8506,3877.88
8507,4187.62
8508,3757.12
8509,3811.9
8510,4085.1
8511,3950.65
8512,4083.96
8513,4005.18
8514,4060.87
8515,3852.99
8516,4005.14
8517,3740.79
8518,4247.45
8519,3808.65
8520,4211.89
8521,3901.08
8522,4001.05
8523,3842.27
8524,3723.69
8525,3557.65
8526,3715.61
8527,3883.15
8528,4006.0
8529,4188.87
8530,3856.67
8531,3757.46
8532,3629.81
8533,4069.52
8534,4276.29
8535,4250.05
8536,4123.39
8537,4107.53
8538,4349.93
8539,4038.41
8540,4110.61
8541,3890.17
8542,3652.74
8543,3808.12
8544,3962.71
8545,3979.14
8546,4405.77
8547,3984.72
8548,4235.91
8549,3867.66
8550,3896.3
8551,3664.33
8552,3798.81
8553,4089.24
8554,3971.03
8555,4185.17
8556,4011.61
8557,3890.13
8558,4461.88
8559,3950.1
8560,4237.69
8561,3880.79
8562,4135.01
8563,4185.36
8564,4021.43
8565,3436.36
8566,3978.87
8567,4256.25
8568,4096.1
8569,4077.9
8570,3583.05
8571,3812.36
8572,4071.38
8573,4071.6
8574,4255.79
8575,3945.65
8576,4071.91
8577,3983.39
8578,3754.63
8579,3465.21
8580,4079.47
8581,4021.19
8582,3840.68
8583,3612.45
8584,4126.67
8585,3922.5
8586,4110.92
8587,4410.0
8588,3495.38
8589,3825.22
8590,3937.67
8591,4318.31
8592,3612.56
8593,4429.1
8594,4018.34
8595,3965.82
8596,3942.95
8597,3888.98
8598,4228.55
8599,3745.44
8600,4068.91
8601,3902.68
8602,3816.79
8603,4582.12
8604,4087.53
8605,4132.35
8606,4252.63
8607,3668.44
8608,4393.92
8609,3420.87
8610,3818.87
8611,3890.08
8612,4128.3
8613,4045.82
8614,3958.19
8615,3994.01
8616,3773.77
8617,3655.6
8618,4164.07
8619,4157.03
8620,4360.98
8621,3818.97
8622,4158.18
8623,3935.54
8624,4272.77
8625,4234.72
8626,4049.95
8627,3924.58
8628,4222.13
8629,4150.84
8630,3847.14
8631,3700.61
8632,3938.48
8633,4351.05
8634,4267.22
8635,3751.64
8636,3739.42
8637,4297.86
8638,3747.66
8639,4123.9
8640,3867.26
8641,4377.87
8642,3832.89
8643,4270.55
8644,4052.03
8645,4067.86
8646,3560.58
8647,3507.89
8648,3961.21
8649,4068.46
8650,3755.45
8651,3764.23
8652,4141.67
8653,4142.44
8654,3982.83
8655,4192.99
8656,3746.95
8657,3934.34
8658,4392.56
8659,4032.16
8660,4045.86
8661,4544.25
8662,3698.22
8663,4200.3
8664,4398.94
8665,3945.04
8666,4216.09
8667,3795.8
8668,3863.71
8669,4109.0
8670,4203.93
8671,4278.03
8672,4380.99
8673,4007.44
8674,4295.98
8675,3945.55
8676,4230.29
8677,4072.05
8678,4126.92
8679,4122.3
8680,3659.4
8681,3769.64
8682,4050.33
8683,3641.89
8684,4217.69
8685,4227.36
8686,4103.44
8687,3773.02
8688,4344.9
8689,4495.46
8690,4064.1
8691,4147.58
8692,4077.49
8693,4153.01
8694,4004.99
8695,4024.85
8696,4240.11
8697,4569.51
8698,3714.25
8699,4010.83
8700,3765.32
8701,4399.15
8702,3901.63
8703,3706.65
8704,4182.6
8705,4435.74
8706,4189.3
8707,4084.94
8708,4132.07
8709,4362.27
8710,3839.79
8711,4014.4
8712,3936.98
8713,3774.05
8714,3966.28
8715,4294.81
8716,4171.64
8717,4189.84
8718,4076.56
8719,4163.1
8720,3861.1
8721,3973.74
8722,4088.76
8723,4108.75
8724,4118.95
8725,4014.65
8726,3960.48
8727,4768.55
8728,4254.76
8729,4142.43
8730,3995.22
8731,3945.87
8732,4019.52
8733,4116.75
8734,3620.71
8735,3692.22
8736,3905.7
8737,4098.97
8738,3997.44
8739,4390.23
8740,3714.34
8741,3881.8
8742,4401.17
8743,4084.3
8744,4256.94
8745,4523.86
8746,3897.2
8747,4033.46
8748,3994.36
8749,3610.52
8750,3986.59
8751,4259.23
8752,4181.9
8753,4200.28
8754,3973.51
8755,3909.86
8756,4350.17
8757,3947.04
8758,4128.28
8759,4098.86
8760,4395.93
8761,4284.37
8762,3766.99
8763,3792.05
8764,4196.05
8765,4049.55
8766,3960.71
8767,4297.17
8768,4108.43
8769,4078.03
8770,4244.65
8771,3981.26
8772,4425.73
8773,3887.82
8774,4218.38
8775,4396.31
8776,3754.55
8777,3991.21
8778,4331.04
8779,4334.93
8780,4031.82
8781,3903.61
8782,4290.29
8783,4342.74
8784,3806.73
8785,3798.21
8786,4125.16
8787,4217.93
8788,4006.28
8789,4230.24
8790,3913.27
8791,3592.84
8792,3979.56
8793,4091.3
8794,4014.28
8795,3813.06
8796,3663.41
8797,3961.2
8798,4284.17
8799,4366.53
8800,4351.34
8801,3894.05
8802,3817.33
8803,4194.81
8804,4226.89
8805,4173.67
8806,3622.58
8807,3885.11
8808,4076.82
8809,4195.36
8810,4259.79
8811,4117.91
8812,4160.97
8813,4105.24
8814,4242.93
8815,4158.23
8816,4102.22
8817,4026.34
8818,4106.67
8819,4199.26
8820,4150.11
8821,4176.45
8822,4396.65
8823,4150.93
8824,3942.53
8825,4293.11
8826,3779.59
8827,3845.1
8828,4169.33
8829,4211.02
8830,3809.06
8831,4006.49
8832,3955.94
8833,3983.67
8834,4310.87
8835,4257.15
8836,4091.83
8837,3971.92
8838,3788.77
8839,4422.0
8840,4233.27
8841,3937.01
8842,4263.29
8843,4083.31
8844,4034.21
8845,4199.68
8846,3931.3
8847,4022.62
8848,4129.35
8849,3987.95
8850,4255.35
8851,4529.94
8852,3931.08
8853,3723.45
8854,3647.0
8855,4070.38
8856,3953.7
8857,4153.14
8858,4136.39
8859,3740.29
8860,3692.38
8861,4175.06
8862,4138.84
8863,4011.07
8864,3730.22
8865,4216.94
8866,4400.27
8867,4173.66
8868,3916.99
8869,4121.23
8870,3799.41
8871,4353.64
8872,4131.1
8873,3708.91
8874,4044.61
8875,4219.59
8876,4038.11
8877,4051.62
8878,3835.38
8879,4244.98
8880,3967.86
8881,3623.8
8882,4032.09
8883,4341.5
8884,4029.4
8885,4515.3
8886,4216.7
8887,4196.54
8888,4090.27
8889,4104.45
8890,4060.32
8891,4051.9
8892,4242.68
8893,3908.06
8894,3876.51
8895,3866.15
8896,4590.54
8897,4244.81
8898,4193.66
8899,3882.96
8900,4267.4
8901,4098.82
8902,4174.83
8903,3903.24
8904,4163.41
8905,4030.42
8906,3952.79
8907,4295.86
8908,3777.31
8909,4258.07
8910,4285.87
8911,3928.99
8912,3942.99
8913,4079.9
8914,4195.73
8915,4096.83
8916,4231.25
8917,4535.41
8918,4017.11
8919,3741.71
8920,4322.68
8921,4519.01
8922,4224.63
8923,3886.85
8924,4107.5
8925,3880.72
8926,4283.56
8927,3828.44
8928,4069.03
8929,3908.61
8930,4167.47
8931,4055.26
8932,4179.78
8933,4144.96
8934,3914.89
8935,4283.96
8936,4130.06
8937,3915.82
8938,4654.05
8939,4251.39
8940,4107.99
8941,4466.76
8942,4564.67
8943,4111.14
8944,4224.16
8945,3919.54
8946,4112.07
8947,4100.67
8948,4188.82
8949,4223.07
8950,4275.39
8951,4202.24
8952,3871.8
8953,3934.45
8954,4024.47
8955,4085.27
8956,4390.25
8957,3884.97
8958,4069.45
8959,4369.27
8960,4083.49
8961,4257.63
8962,4121.02
8963,4212.01
8964,4101.6
8965,4306.64
8966,3801.73
8967,4072.15
8968,4223.35
8969,4277.97
8970,4497.57
8971,4067.62
8972,4495.39
8973,4007.29
8974,4461.83
8975,4345.5
8976,3950.52
8977,4229.79
8978,4148.4
8979,4303.47
8980,4109.99
8981,4091.26
8982,4474.67
8983,4139.8
8984,4351.6
8985,4111.77
8986,4544.45
8987,4009.18
8988,4024.3
8989,4513.33
8990,4063.85
8991,4531.72
8992,4370.14
8993,4131.52
8994,3753.05
8995,4163.34
8996,4191.42
8997,4435.3
8998,4531.99
8999,4013.06
9000,4353.03
9001,4345.31
9002,4416.12
9003,4285.28
9004,3728.03
9005,4136.74
9006,3908.68
9007,4126.86
9008,4397.48
9009,4243.76
9010,4436.78
9011,4253.02
9012,3878.79
9013,3599.96
9014,4210.3
9015,4127.88
9016,3954.01
9017,3789.14
9018,4010.25
9019,4134.12
9020,4331.12
9021,4222.54
9022,4547.27
9023,3943.76
9024,4382.08
9025,4192.06
9026,4340.4
9027,4082.43
9028,4427.43
9029,4250.49
9030,4028.28
9031,4181.2
9032,4129.67
9033,4296.6
9034,3915.78
9035,4179.04
9036,4276.51
9037,4194.19
9038,4494.81
9039,4364.38
9040,4186.29
9041,4237.95
9042,4256.45
9043,4281.48
9044,3772.72
9045,4121.37
9046,3851.58
9047,4483.18
9048,4177.7
9049,4147.88
9050,4397.38
9051,4289.43
9052,3935.56
9053,4177.65
9054,4117.73
9055,3796.21
9056,4037.5
9057,4153.72
9058,4169.84
9059,3857.93
9060,4460.1
9061,4174.12
9062,4206.48
9063,4289.88
9064,4018.76
9065,4303.51
9066,4115.84
9067,3995.32
9068,4331.61
9069,4541.83
9070,4367.09
9071,4412.81
9072,4083.46
9073,3837.87
9074,4543.73
9075,4673.11
9076,4556.66
9077,4127.94
9078,3941.32
9079,3962.09
9080,3821.35
9081,4181.92
9082,4573.72
9083,4174.99
9084,4276.87
9085,4522.51
9086,4116.38
9087,4674.17
9088,4664.7
9089,4180.1
9090,4078.56
9091,4370.24
9092,4132.01
9093,3947.63
9094,4505.0
9095,4490.65
9096,4248.73
9097,3925.14
9098,3933.21
9099,4239.05
9100,4100.8
9101,4137.53
9102,4449.37
9103,4383.85
9104,4531.64
9105,3990.94
9106,4139.3
9107,4391.54
9108,4320.96
9109,4569.13
9110,4315.57
9111,4642.16
9112,4343.77
9113,4463.51
9114,4147.39
9115,4225.01
9116,4430.31
9117,4591.14
9118,4389.7
9119,4204.55
9120,4538.66
9121,3723.69
9122,3899.99
9123,4381.07
9124,4229.02
9125,4364.58
9126,4241.41
9127,4357.58
9128,4041.55
9129,4358.38
9130,4455.68
9131,4507.79
9132,4689.4
9133,4285.61
9134,4292.88
9135,3882.78
9136,4109.8
9137,4187.54
9138,4472.05
9139,4092.97
9140,4414.93
9141,4233.08
9142,4193.43
9143,4291.21
9144,4145.44
9145,4137.24
9146,3846.24
9147,4179.5
9148,4126.95
9149,4119.17
9150,4332.74
9151,4388.42
9152,4291.45
9153,4466.26
9154,4370.79
9155,4172.34
9156,4134.46
9157,4312.12
9158,4372.18
9159,4560.89
9160,4514.13
9161,4118.75
9162,4219.6
9163,4396.65
9164,4487.79
9165,4458.76
9166,4230.11
9167,3958.66
9168,4017.39
9169,4308.33
9170,4324.68
9171,3995.95
9172,4257.58
9173,4392.06
9174,3985.3
9175,4501.19
9176,4162.95
9177,4536.96
9178,4128.23
9179,4016.01
9180,4146.34
9181,4229.71
9182,4163.15
9183,4203.0
9184,4329.1
9185,4214.14
9186,4238.6
9187,3863.67
9188,4344.08
9189,4234.67
9190,4623.38
9191,4041.3
9192,3843.29
9193,4398.05
9194,4336.47
9195,4027.37
9196,3908.72
9197,4609.87
9198,4582.16
9199,3691.28
9200,4155.32
9201,4640.64
9202,4152.14
9203,4149.27
9204,4197.2
9205,4006.18
9206,3873.24
9207,4503.61
9208,3842.58
9209,4320.54
9210,4467.04
9211,3933.41
9212,4054.25
9213,4543.0
9214,4388.04
9215,4125.73
9216,4541.86
9217,4543.29
9218,4329.57
9219,4062.91
9220,4174.55
9221,4334.88
9222,4226.81
9223,4484.86
9224,3921.32
9225,3929.88
9226,4313.02
9227,4159.86
9228,4129.35
9229,3869.13
9230,4277.97
9231,4261.9
9232,4423.69
9233,4290.59
9234,4245.01
9235,4544.64
9236,3976.36
9237,4399.19
9238,3895.32
9239,4086.02
9240,4000.96
9241,4457.09
9242,4263.96
9243,4276.27
9244,4026.96
9245,4211.78
9246,4106.28
9247,4368.75
9248,4055.18
9249,4585.85
9250,3899.71
9251,4098.7
9252,4666.56
9253,4184.44
9254,3983.91
9255,4334.8
9256,4176.6
9257,4094.69
9258,4035.75
9259,4918.99
9260,4229.53
9261,3847.55
9262,4629.14
9263,4427.95
9264,4113.7
9265,4076.08
9266,4443.56
9267,4233.74
9268,3850.6
9269,4699.35
9270,4192.35
9271,4633.62
9272,4584.46
9273,4064.17
9274,4529.34
9275,4144.93
9276,3867.75
9277,4197.65
9278,4385.94
9279,4189.84
9280,4225.85
9281,4557.7
9282,4321.23
9283,4104.7
9284,4458.18
9285,4343.41
9286,3722.63
9287,4397.01
9288,4389.11
9289,4304.65
9290,4504.21
9291,4147.34
9292,4378.27
9293,3943.87
9294,4395.3
9295,4748.93
9296,4075.92
9297,4130.07
9298,4141.89
9299,4334.25
9300,4062.15
9301,4401.69
9302,4499.36
9303,4428.42
9304,3902.8
9305,4534.6
9306,4521.84
9307,4497.8
9308,4393.78
9309,4359.35
9310,4545.35
9311,4749.38
9312,4092.68
9313,4557.15
9314,4291.6
9315,4282.13
9316,3961.18
9317,4247.59
9318,4085.27
9319,4207.58
9320,4063.12
9321,4211.9
9322,4222.12
9323,4337.45
9324,3946.91
9325,3986.02
9326,4399.38
9327,4134.97
9328,4563.08
9329,4369.51
9330,4457.12
9331,4641.23
9332,4248.65
9333,4188.61
9334,4519.44
9335,4437.15
9336,4278.4
9337,4639.53
9338,4273.61
9339,4330.04
9340,4327.85
9341,4109.94
9342,4341.62
9343,4643.44
9344,4426.45
9345,4332.35
9346,4288.74
9347,4401.74
9348,4497.89
9349,4466.23
9350,4251.68
9351,4402.15
9352,4438.04
9353,4098.75
9354,4367.73
9355,3835.99
9356,4440.44
9357,4481.51
9358,4501.88
9359,4241.3
9360,4402.6
9361,4657.76
9362,4655.88
9363,4326.69
9364,4365.63
9365,4588.04
9366,3991.84
9367,4261.34
9368,4640.71
9369,4558.84
9370,4420.86
9371,3992.94
9372,4326.0
9373,4203.08
9374,4413.93
9375,4153.85
9376,4104.87
9377,3867.93
9378,4619.22
9379,4249.22
9380,4376.9
9381,4340.94
9382,4098.04
9383,4054.71
9384,4113.13
9385,4178.04
9386,4427.45
9387,4162.37
9388,4743.59
9389,4579.71
9390,4530.17
9391,4318.61
9392,4692.34
9393,4297.05
9394,4340.16
9395,4386.58
9396,4508.53
9397,4494.15
9398,4240.56
9399,4227.79
9400,4496.19
9401,4513.85
9402,4261.04
9403,3988.75
9404,4304.44
9405,4494.7
9406,4765.15
9407,4079.47
9408,4256.15
9409,4265.09
9410,4664.24
9411,4346.97
9412,4148.12
9413,4483.49
9414,4263.86
9415,4077.04
9416,4153.24
9417,4753.8
9418,4445.87
9419,4383.17
9420,4301.91
9421,4426.19
9422,4423.92
9423,4427.1
9424,4387.04
9425,4559.73
9426,4366.98
9427,4138.74
9428,4222.69
9429,3910.94
9430,4826.53
9431,4561.05
9432,4174.77
9433,4300.46
9434,4219.8
9435,4718.15
9436,4041.82
9437,4392.8
9438,4342.31
9439,4556.44
9440,4344.24
9441,3966.78
9442,4311.53
9443,4147.26
9444,4387.98
9445,4697.89
9446,3973.32
9447,4188.34
9448,4245.34
9449,4284.87
9450,4541.58
9451,4333.3
9452,4468.39
9453,4230.89
9454,4426.83
9455,4552.44
9456,4207.9
9457,4554.15
9458,4388.06
9459,4615.39
9460,4330.99
9461,4464.55
9462,4368.62
9463,4356.37
9464,4437.95
9465,4501.89
9466,4094.23
9467,4707.67
9468,3955.75
9469,4224.6
9470,4359.96
9471,4476.15
9472,4742.48
9473,3958.32
9474,4267.32
9475,3897.87
9476,4391.42
9477,4446.72
9478,4748.52
9479,4413.11
9480,4624.51
9481,4519.83
9482,4287.47
9483,4065.47
9484,4450.63
9485,4047.37
9486,4684.59
9487,4352.13
9488,4662.64
9489,4280.34
9490,4451.92
9491,4438.78
9492,4381.11
9493,4293.01
9494,4481.96
9495,4181.17
9496,4116.9
9497,4677.58
9498,4560.22
9499,4409.6
9500,4775.41
9501,4334.28
9502,4698.08
9503,4436.46
9504,4162.69
9505,4819.44
9506,4624.03
9507,4370.5
9508,4564.72
9509,4306.82
9510,4588.92
9511,3853.7
9512,4167.42
9513,4624.56
9514,4344.27
9515,4449.16
9516,4094.52
9517,4824.8
9518,4675.08
9519,4357.7
9520,4311.55
9521,4639.67
9522,4857.8
9523,4623.24
9524,4901.95
9525,4195.54
9526,4219.51
9527,4135.53
9528,4508.52
9529,4448.17
9530,4373.79
9531,4593.83
9532,4690.93
9533,4061.31
9534,4273.92
9535,4598.11
9536,4304.34
9537,4229.3
9538,4644.79
9539,4117.96
9540,4344.1
9541,4488.53
9542,4282.81
9543,4593.26
9544,4284.84
9545,4737.05
9546,4386.97
9547,4569.5
9548,4587.03
9549,4273.69
9550,3948.38
9551,4500.37
9552,4434.91
9553,4545.83
9554,4367.55
9555,4321.42
9556,4879.04
9557,4084.29
9558,4588.77
9559,4290.28
9560,4345.29
9561,4350.01
9562,4239.35
9563,4553.85
9564,4741.5
9565,4531.63
9566,4448.32
9567,4199.79
9568,4543.67
9569,4918.67
9570,4339.53
9571,4341.06
9572,4299.22
9573,4316.04
9574,3801.13
9575,4521.28
9576,4236.03
9577,4061.78
9578,4602.17
9579,4183.36
9580,4353.63
9581,4766.46
9582,4109.96
9583,4082.22
9584,4494.32
9585,4695.85
9586,4074.04
9587,4527.29
9588,4567.33
9589,3964.63
9590,4617.92
9591,4636.21
9592,4365.17
9593,4722.95
9594,4696.93
9595,4461.31
9596,4335.07
9597,4216.4
9598,4430.52
9599,4569.71
9600,4365.94
9601,3938.42
9602,4730.74
9603,4484.81
9604,4355.07
9605,4638.07
9606,4791.01
9607,3803.05
9608,4542.81
9609,4118.13
9610,4558.52
9611,4474.18
9612,4590.63
9613,4331.8
9614,4018.35
9615,4343.86
9616,4540.15
9617,4679.62
9618,4180.39
9619,4683.18
9620,4300.99
9621,4532.25
9622,4333.41
9623,4491.97
9624,4654.55
9625,4170.94
9626,4296.37
9627,4494.41
9628,5001.25
9629,4255.85
9630,4919.57
9631,4911.87
9632,4432.17
9633,4386.74
9634,4297.2
9635,4440.17
9636,4134.83
9637,4439.23
9638,4799.07
9639,4317.95
9640,4403.01
9641,4069.82
9642,4544.36
9643,4519.77
9644,4474.35
9645,4410.72
9646,4393.82
9647,4575.81
9648,4455.02
9649,4534.01
9650,4511.61
9651,4719.6
9652,4618.06
9653,4507.91
9654,4811.19
9655,4560.76
9656,4763.32
9657,4604.31
9658,4045.31
9659,4764.64
9660,4497.88
9661,4455.58
9662,4532.17
9663,4389.54
9664,4520.67
9665,4334.03
9666,4760.81
9667,4444.2
9668,4383.2
9669,4259.75
9670,4532.9
9671,4514.7
9672,4561.14
9673,4238.17
9674,4107.51
9675,4616.67
9676,4813.37
9677,4240.18
9678,4838.21
9679,4540.41
9680,4474.39
9681,4385.63
9682,4160.6
9683,4703.0
9684,4300.61
9685,4300.1
9686,4705.31
9687,4048.98
9688,4131.53
9689,4475.91
9690,4547.5
9691,4591.69
9692,4412.45
9693,5059.92
9694,4430.24
9695,4430.03
9696,4301.13
9697,4511.96
9698,4624.59
9699,4759.51
9700,4144.77
9701,4429.25
9702,4587.95
9703,4620.46
9704,4488.3
9705,4611.17
9706,4302.89
9707,4844.06
9708,4715.37
9709,4181.8
9710,4243.89
9711,4250.78
9712,4645.28
9713,4197.35
9714,4415.68
9715,4595.63
9716,4477.08
9717,4551.79
9718,4249.61
9719,4629.45
9720,4353.91
9721,4420.29
9722,4549.21
9723,4518.9
9724,4501.28
9725,4324.77
9726,4428.27
9727,4497.65
9728,4183.46
9729,4392.38
9730,4587.07
9731,4207.12
9732,4763.62
9733,4789.9
9734,4215.84
9735,4810.9
9736,4468.4
9737,4597.26
9738,4388.64
9739,4713.42
9740,4595.77
9741,4317.45
9742,4237.71
9743,4170.74
9744,4547.74
9745,4636.03
9746,4654.41
9747,4479.2
9748,4242.28
9749,4351.23
9750,4770.76
9751,4397.24
9752,4541.16
9753,4263.11
9754,4586.19
9755,4405.19
9756,4749.32
9757,4687.37
9758,4397.85
9759,4482.61
9760,4386.1
9761,4188.18
9762,4317.01
9763,4558.63
9764,4588.11
9765,4548.19
9766,4445.77
9767,4728.31
9768,4530.12
9769,4676.71
9770,4111.28
9771,3620.87
9772,4582.23
9773,4192.36
9774,4469.76
9775,4449.74
9776,4881.85
9777,4611.03
9778,4557.99
9779,4711.76
9780,4605.18
9781,4416.89
9782,4766.68
9783,4268.82
9784,4596.65
9785,4169.7
9786,4570.29
9787,4568.24
9788,4907.59
9789,4167.53
9790,4388.23
9791,4713.89
9792,4603.0
9793,4568.04
9794,4308.87
9795,4392.78
9796,4812.63
9797,4516.88
9798,4614.85
9799,4503.23
9800,4259.72
9801,4743.78
9802,4645.86
9803,5058.08
9804,4299.79
9805,4720.17
9806,4233.07
9807,4569.1
9808,4756.69
9809,4060.66
9810,4487.68
9811,4406.28
9812,4375.04
9813,4623.85
9814,4792.32
9815,4506.3
9816,4584.14
9817,4563.76
9818,4538.51
9819,4289.69
9820,4792.23
9821,4606.89
9822,4630.11
9823,4356.1
9824,4435.89
9825,4501.01
9826,4191.22
9827,4156.51
9828,4405.36
9829,4662.42
9830,4394.29
9831,4311.2
9832,4358.28
9833,4440.83
9834,4464.46
9835,5040.47
9836,4787.13
9837,4780.76
9838,4814.07
9839,4319.37
9840,4268.75
9841,4295.58
9842,4853.77
9843,4424.34
9844,4263.92
9845,4451.79
9846,4496.19
9847,4612.47
9848,4608.93
9849,4362.85
9850,4709.14
9851,4406.92
9852,4517.7
9853,4710.75
9854,4407.67
9855,4424.68
9856,4690.37
9857,4359.7
9858,4468.19
9859,4683.51
9860,5026.26
9861,4695.76
9862,4665.88
9863,4679.61
9864,4313.63
9865,4585.66
9866,4552.9
9867,4633.62
9868,4587.22
9869,4647.79
9870,4490.34
9871,4575.34
9872,4281.9
9873,4489.77
9874,4881.04
9875,4636.58
9876,4559.42
9877,4997.82
9878,4254.21
9879,4312.09
9880,4957.27
9881,4576.95
9882,4511.48
9883,4293.39
9884,4670.08
9885,4692.63
9886,4318.66
9887,4537.1
9888,4492.95
9889,4628.53
9890,4314.8
9891,4856.96
9892,4780.62
9893,4488.88
9894,4522.86
9895,4541.58
9896,4395.39
9897,4472.35
9898,4512.36
9899,4943.01
9900,4791.26
9901,4788.97
9902,4660.41
9903,4321.09
9904,4567.32
9905,4798.96
9906,4290.25
9907,4723.57
9908,5109.21
9909,4821.63
9910,4902.54
9911,4629.83
9912,4801.53
9913,4416.85
9914,4763.12
9915,4731.25
9916,4648.43
9917,4883.3
9918,4460.01
9919,4540.82
9920,4605.81
9921,4349.23
9922,4636.74
9923,4192.66
9924,4824.98
9925,4596.9
9926,4467.7
9927,4396.53
9928,4534.01
9929,4745.28
9930,4713.63
9931,4427.77
9932,4396.12
9933,4739.92
9934,4425.28
9935,4604.44
9936,4619.47
9937,4662.94
9938,4788.17
9939,4304.02
9940,4156.39
9941,4463.82
9942,5005.46
9943,5056.32
9944,5013.14
9945,4551.16
9946,4188.57
9947,4060.88
9948,4456.32
9949,4551.8
9950,4894.63
9951,4796.2
9952,4650.35
9953,4395.56
9954,4379.81
9955,4657.81
9956,4759.44
9957,4690.18
9958,4364.74
9959,4750.2
9960,4699.3
9961,4357.85
9962,4423.72
9963,4760.64
9964,4550.23
9965,4967.3
9966,4719.18
9967,4493.98
9968,4603.27
9969,4620.53
9970,4440.1
9971,4398.47
9972,4767.63
9973,4800.96
9974,4746.24
9975,4954.93
9976,4485.43
9977,4992.14
9978,4404.28
9979,4379.2
9980,4208.93
9981,4509.61
9982,4496.82
9983,4732.5
9984,4668.52
9985,4340.71
9986,4523.98
9987,4529.29
9988,4208.87
9989,4390.95
9990,4439.41
9991,4943.47
9992,4660.14
9993,4768.12
9994,4274.93
9995,4890.57
9996,4915.44
9997,4162.12
9998,4457.97
9999,4732.81
10000,4767.21
